city,restaurant,review_count,fake_review_count,percent,percent_ne_non,percent_po_non,percent_ne_re,percent_po_re,point
Alameda,Jong Ga House,2325,125,0.0510204081632653,0.016260162601626018,0.6097560975609756,0.045545545545545546,0.4339339339339339,4.0
Alameda,Brendas Oakland,1064,41,0.03710407239819,0.07692307692307693,0.6923076923076923,0.10941475826972011,0.455470737913486,3.9
Alameda,Homeroom,6486,821,0.1123580128643766,0.03288672350791717,0.5858708891595615,0.04437564499484004,0.43790849673202614,4.1
Alameda,Yojimbo,1673,66,0.0379528464634847,0.09230769230769231,0.6153846153846154,0.0920863309352518,0.39136690647482014,3.9
Alameda,Quinns Lighthouse,1030,67,0.0610756608933454,0.23076923076923078,0.4461538461538462,0.1282051282051282,0.25752508361204013,3.5
Alameda,Eves Waterfront,466,24,0.0489795918367346,0.5,0.4166666666666667,0.2727272727272727,0.33253588516746413,3.1
Alameda,East End,570,48,0.0776699029126213,0.125,0.6041666666666666,0.1282051282051282,0.4319526627218935,3.7
Alameda,FOB Kitchen,524,8,0.0150375939849624,0.0,0.5,0.055408970976253295,0.5461741424802111,4.1
Alameda,Cholita Linda,492,29,0.055662188099808,0.06666666666666667,0.6333333333333333,0.037333333333333336,0.6053333333333333,4.4
Alameda,Pucquio,336,22,0.0614525139664804,0.0,0.782608695652174,0.10915492957746478,0.6232394366197183,4.1
Alameda,Sobre Mesa,279,10,0.0346020761245674,0.1111111111111111,0.5555555555555556,0.10382513661202186,0.5245901639344263,4.0
Alameda,Cinema Grill,251,14,0.0528301886792452,0.21428571428571427,0.5714285714285714,0.14351851851851852,0.3055555555555556,3.4
Alameda,Aman Cafe,83,4,0.0459770114942528,0.0,1.0,0.0,0.8787878787878788,4.8
Alameda,Sachi Sushi,75,0,0.0,0.0,0.0,0.08620689655172414,0.5689655172413793,4.1
Alameda,LA VIDA FISH & CHIPS,35,0,0.0,0.0,0.0,0.0,0.5555555555555556,4.3
Alexandria,Cheesetique,805,62,0.0715109573241061,0.0625,0.6875,0.04016620498614958,0.5235457063711911,4.2
Alexandria,Momo Sushi & Cafe,1143,79,0.0646481178396072,0.06329113924050633,0.620253164556962,0.04660587639311044,0.46808510638297873,4.1
Alexandria,Busboys and Poets - Shirlington,1885,174,0.0845070422535211,0.13872832369942195,0.5953757225433526,0.06806615776081425,0.4262086513994911,3.9
Alexandria,Mikes American,2782,348,0.111182108626198,0.0377906976744186,0.6773255813953488,0.032116146062472505,0.6088869335679719,4.4
Alexandria,Fontaine,855,37,0.0414798206278026,0.24324324324324326,0.43243243243243246,0.09187749667110519,0.3781624500665779,3.8
Alexandria,Rocklands Barbeque and Grilling Company - Alexandria,425,24,0.0534521158129175,0.25,0.5,0.050666666666666665,0.42933333333333334,3.9
Alexandria,Faccia Luna,378,38,0.0913461538461538,0.15789473684210525,0.5,0.05413105413105413,0.3247863247863248,3.9
Alexandria,Haute Dog and Fries,712,44,0.0582010582010582,0.16279069767441862,0.3953488372093023,0.07894736842105263,0.3848684210526316,3.9
Alexandria,Northside 10,392,19,0.0462287104622871,0.0,0.5555555555555556,0.04153354632587859,0.5942492012779552,4.3
Alexandria,The Best Sandwich Place,276,114,0.2923076923076923,0.017699115044247787,0.9646017699115044,0.02512562814070352,0.7788944723618091,4.6
Alexandria,The Club Burgers & Sandwiches,270,16,0.0559440559440559,0.06666666666666667,0.9333333333333333,0.08837209302325581,0.6046511627906976,4.2
Alexandria,Gordon Ramsay Fish & Chips,319,23,0.067251461988304,0.09090909090909091,0.8181818181818182,0.07329842931937172,0.38219895287958117,3.7
Alexandria,KitchenCray - Alexandria,175,9,0.0489130434782608,0.09090909090909091,0.7272727272727273,0.19327731092436976,0.36134453781512604,3.4
Alexandria,Gyu San Japanese BBQ,123,68,0.3560209424083769,0.0,0.9166666666666666,0.03508771929824561,0.8947368421052632,4.7
Alexandria,Daves Hot Chicken,34,1,0.0285714285714285,0.0,0.0,0.0,0.36363636363636365,3.9
Allston,Giulia,547,51,0.0852842809364548,0.057692307692307696,0.5961538461538461,0.02857142857142857,0.6461538461538462,4.4
Allston,FuGaKyu Japanese Cuisine - Brookline,1348,140,0.0940860215053763,0.09420289855072464,0.47101449275362317,0.08009909165978531,0.3311312964492155,3.7
Allston,Lukes Lobster Back Bay,2042,147,0.0671539515760621,0.047619047619047616,0.5306122448979592,0.02910216718266254,0.496594427244582,4.2
Allston,Kaju Tofu House,751,32,0.0408684546615581,0.16129032258064516,0.5806451612903226,0.07742998352553541,0.3673805601317957,3.9
Allston,Earls Kitchen + Bar,1432,203,0.1241590214067278,0.11219512195121951,0.824390243902439,0.11779242174629324,0.4975288303130148,3.9
Allston,Brothers & Sisters Co Coffeehouse + Cafe,304,25,0.0759878419452887,0.28,0.4,0.04477611940298507,0.4291044776119403,4.0
Allston,Waypoint,472,13,0.0268041237113402,0.21428571428571427,0.5714285714285714,0.057441253263707574,0.4308093994778068,3.9
Allston,T Anthonys Restaurant,323,59,0.1544502617801047,0.1864406779661017,0.559322033898305,0.10714285714285714,0.3116883116883117,3.6
Allston,Pammys,418,40,0.0873362445414847,0.10256410256410256,0.7435897435897436,0.0243161094224924,0.6413373860182371,4.4
Allston,Mei Mei Street Kitchen,198,10,0.048076923076923,0.1,0.6,0.03389830508474576,0.5649717514124294,4.3
Allston,Habanero Mexican Grill,237,47,0.1654929577464788,0.10869565217391304,0.6304347826086957,0.0514018691588785,0.45794392523364486,4.0
Allston,Surya Indian Kitchen,177,21,0.106060606060606,0.19047619047619047,0.7142857142857143,0.10897435897435898,0.5769230769230769,4.1
Allston,Gigi,68,4,0.0555555555555555,0.0,0.6666666666666666,0.04081632653061224,0.5714285714285714,4.2
Allston,Garrison House,49,1,0.02,0.0,0.0,0.10810810810810811,0.3783783783783784,3.6
Allston,El Mondonguito,15,2,0.1176470588235294,0.0,0.5,0.0,0.5,3.9
Ann Arbor,Tmaz Taqueria,451,50,0.0998003992015968,0.12,0.56,0.041025641025641026,0.5230769230769231,4.2
Ann Arbor,Black Pearl Ann Arbor,357,35,0.0892857142857142,0.08571428571428572,0.6285714285714286,0.07467532467532467,0.36688311688311687,3.8
Ann Arbor,Blue Tractor BBQ & Brewery,608,65,0.0965824665676077,0.2153846153846154,0.35384615384615387,0.08064516129032258,0.21863799283154123,3.4
Ann Arbor,Pacific Rim,526,49,0.0852173913043478,0.08,0.52,0.03289473684210526,0.4824561403508772,4.1
Ann Arbor,Bigalora Wood Fired Cucina,424,29,0.0640176600441501,0.3103448275862069,0.3448275862068966,0.11764705882352941,0.2969187675070028,3.5
Ann Arbor,Paesano Restaurant & Wine Bar,280,24,0.0789473684210526,0.20833333333333334,0.5416666666666666,0.0975609756097561,0.3252032520325203,3.5
Ann Arbor,Sushi Town,276,28,0.0921052631578947,0.037037037037037035,0.6666666666666666,0.012096774193548387,0.5241935483870968,4.3
Ann Arbor,Dominicks,230,22,0.0873015873015873,0.18181818181818182,0.45454545454545453,0.08796296296296297,0.2361111111111111,3.6
Ann Arbor,Biercamp,240,15,0.0588235294117647,0.0,0.5333333333333333,0.014925373134328358,0.7562189054726368,4.6
Ann Arbor,Macs Acadian Seafood Shack,159,16,0.0914285714285714,0.25,0.3125,0.1360544217687075,0.29931972789115646,3.4
Ann Arbor,Ginger Deli,167,8,0.0457142857142857,0.125,0.625,0.02702702702702703,0.4594594594594595,4.1
Ann Arbor,Bobcat Bonnies,143,12,0.0774193548387096,0.09090909090909091,0.6363636363636364,0.08653846153846154,0.49038461538461536,4.0
Ann Arbor,Cantina,100,7,0.0654205607476635,0.42857142857142855,0.2857142857142857,0.14942528735632185,0.26436781609195403,3.5
Ann Arbor,First Watch,64,5,0.072463768115942,0.25,0.25,0.3877551020408163,0.30612244897959184,2.8
Ann Arbor,Unicorn Market,3,2,0.4,0.5,0.5,0.25,0.75,3.7
Arlington,Lost Dog Cafe,829,90,0.0979325353645266,0.12222222222222222,0.6111111111111112,0.1093951093951094,0.3642213642213642,3.7
Arlington,TNR Cafe,787,51,0.0608591885441527,0.12,0.58,0.10901162790697674,0.3488372093023256,3.8
Arlington,Le Diplomate,4952,524,0.095690284879474,0.06407766990291262,0.6174757281553398,0.031797696544817226,0.5640961442163245,4.3
Arlington,Founding Farmers - Washington,16476,2406,0.1274229424849062,0.057380457380457384,0.5833679833679833,0.04800853485064011,0.41963015647226176,4.0
Arlington,Mala Tang,710,69,0.0885750962772785,0.2463768115942029,0.36231884057971014,0.14573643410852713,0.20155038759689922,3.3
Arlington,La Famosa,367,17,0.0442708333333333,0.2777777777777778,0.3888888888888889,0.0954356846473029,0.6058091286307054,4.3
Arlington,Skydome Restaurant,390,28,0.0669856459330143,0.4,0.16,0.1716867469879518,0.1686746987951807,3.0
Arlington,Mezeh - Crystal City,506,31,0.0577281191806331,0.03125,0.625,0.04906542056074766,0.5771028037383178,4.3
Arlington,Tortas Y Tacos La Chiquita,683,53,0.0720108695652173,0.03773584905660377,0.8301886792452831,0.04093567251461988,0.7037037037037037,4.5
Arlington,Taco Ssam,296,13,0.0420711974110032,0.0,0.9230769230769231,0.027522935779816515,0.5504587155963303,4.3
Arlington,Taco Rock,307,21,0.0640243902439024,0.047619047619047616,0.8571428571428571,0.05128205128205128,0.5470085470085471,4.1
Arlington,St James - Modern Caribbean,221,6,0.026431718061674,0.25,0.75,0.0072992700729927005,0.5620437956204379,4.3
Arlington,Troys Italian Kitchen,173,14,0.0748663101604278,0.23076923076923078,0.7692307692307693,0.12080536912751678,0.5570469798657718,4.0
Arlington,The Simple Greek,139,19,0.120253164556962,0.15,0.8,0.12396694214876033,0.48760330578512395,3.8
Arlington,Rosa Mexicano,53,4,0.0701754385964912,0.0,0.75,0.16,0.4,3.5
Austin,Fonda San Miguel,1145,105,0.084,0.08653846153846154,0.6442307692307693,0.06564102564102564,0.48717948717948717,4.0
Austin,Koriente,1884,141,0.0696296296296296,0.02877697841726619,0.7194244604316546,0.023297491039426525,0.6021505376344086,4.4
Austin,Culinary Dropout,1844,105,0.0538737814263724,0.05660377358490566,0.6132075471698113,0.05291005291005291,0.458994708994709,4.0
Austin,Phoebes Diner,1697,72,0.0407009609949123,0.041666666666666664,0.7222222222222222,0.02545743834526651,0.700079554494829,4.5
Austin,888 Pan Asian Restaurant,2048,186,0.0832587287376902,0.16304347826086957,0.5543478260869565,0.0684301322599195,0.5043128234617597,4.1
Austin,Old Thousand,469,19,0.0389344262295082,0.21052631578947367,0.47368421052631576,0.0725,0.435,3.9
Austin,Troy ATX,572,50,0.0803858520900321,0.038461538461538464,0.8076923076923077,0.0378619153674833,0.7015590200445434,4.5
Austin,Juniper,668,37,0.0524822695035461,0.1111111111111111,0.6111111111111112,0.061601642710472276,0.6119096509240246,4.2
Austin,Nervous Charlies Bagels,570,16,0.0273037542662116,0.0625,0.5625,0.05963302752293578,0.6169724770642202,4.3
Austin,Tiny Boxwoods,324,8,0.0240963855421686,0.2857142857142857,0.42857142857142855,0.1422924901185771,0.4505928853754941,3.7
Austin,Devil May Care,180,11,0.0575916230366492,0.09090909090909091,0.8181818181818182,0.1,0.6357142857142857,4.1
Austin,De Nada Cantina,342,13,0.0366197183098591,0.03225806451612903,0.9032258064516129,0.05384615384615385,0.6115384615384616,4.4
Austin,Rice Ball,106,3,0.0275229357798165,0.0,0.6666666666666666,0.028169014084507043,0.4225352112676056,4.1
Austin,Deans Italian Steakhouse - Austin,173,4,0.0225988700564971,0.0,0.6666666666666666,0.03508771929824561,0.6842105263157895,4.4
Austin,Bat City Pies,26,15,0.3658536585365853,0.0,1.0,0.0,0.9166666666666666,4.9
Bloomington,Juannitas,189,30,0.136986301369863,0.36666666666666664,0.4,0.20555555555555555,0.3055555555555556,3.2
Bloomington,The Village Deli,239,19,0.0736434108527131,0.3157894736842105,0.2631578947368421,0.10909090909090909,0.18181818181818182,3.3
Bloomington,Mother Bears Pizza West,175,15,0.0789473684210526,0.26666666666666666,0.4666666666666667,0.08609271523178808,0.5364238410596026,4.1
Bloomington,The Owlery Restaurant,340,44,0.1145833333333333,0.13636363636363635,0.7272727272727273,0.02711864406779661,0.5457627118644067,4.3
Bloomington,My Thai Cafe & Sushi Bar - West Side,163,24,0.1283422459893048,0.125,0.7083333333333334,0.046875,0.4296875,4.1
Bloomington,Olive Garden Italian Restaurant,78,9,0.1034482758620689,0.2222222222222222,0.4444444444444444,0.22388059701492538,0.1791044776119403,3.0
Bloomington,Wings Xtreme U,87,13,0.13,0.38461538461538464,0.46153846153846156,0.4268292682926829,0.2073170731707317,2.6
Bloomington,Peach Garden,73,14,0.160919540229885,0.14285714285714285,0.6428571428571429,0.36619718309859156,0.19718309859154928,2.8
Bloomington,Feta Kitchen + Cafe,92,9,0.0891089108910891,0.3333333333333333,0.5555555555555556,0.05714285714285714,0.5428571428571428,4.2
Bloomington,El Ranchero,53,7,0.1166666666666666,0.2857142857142857,0.42857142857142855,0.4,0.14,2.6
Bloomington,Baldys Pizza,46,6,0.1153846153846153,0.16666666666666666,0.8333333333333334,0.09523809523809523,0.5,4.0
Bloomington,Bloomingfoods,43,14,0.2456140350877192,0.2857142857142857,0.5,0.09302325581395349,0.20930232558139536,3.6
Bloomington,Papa Johns Pizza,31,3,0.088235294117647,0.3333333333333333,0.0,0.7,0.05,1.6
Bloomington,Freddys Frozen Custard & Steakburgers,34,0,0.0,0.0,0.0,0.5238095238095238,0.19047619047619047,2.4
Bloomington,Village Inn Family Restaurant,2,0,0.0,0.0,0.0,0.0,0.0,3.5
Brighton,Frank Pepe Pizzeria Napoletana,456,33,0.0674846625766871,0.30303030303030304,0.2727272727272727,0.18181818181818182,0.3005050505050505,3.3
Brighton,Giulia,547,51,0.0852842809364548,0.057692307692307696,0.5961538461538461,0.0,0.5625,4.4
Brighton,Seasons 52,440,24,0.0517241379310344,0.6,0.16,0.15873015873015872,0.3333333333333333,3.5
Brighton,The Abbey,531,54,0.0923076923076923,0.09259259259259259,0.5,0.03333333333333333,0.48333333333333334,4.2
Brighton,The Avenue,429,46,0.0968421052631579,0.2608695652173913,0.30434782608695654,0.05699481865284974,0.3626943005181347,3.9
Brighton,Mala Restaurant,334,24,0.0670391061452514,0.375,0.4583333333333333,0.14522821576763487,0.4315352697095436,3.8
Brighton,Fins Sushi and Grill,314,30,0.0872093023255814,0.16666666666666666,0.3333333333333333,0.06143344709897611,0.2764505119453925,3.8
Brighton,Lees Burger Place,363,40,0.0992555831265508,0.075,0.55,0.021406727828746176,0.5412844036697247,4.3
Brighton,Brighton Cafe,225,14,0.0585774058577405,0.0,0.46153846153846156,0.03902439024390244,0.37073170731707317,4.0
Brighton,Isshindo Ramen,212,4,0.0185185185185185,0.2,0.6,0.04,0.6,4.4
Brighton,Prairie Fire,187,15,0.0742574257425742,0.26666666666666666,0.5333333333333333,0.052980132450331126,0.5298013245033113,4.1
Brighton,Xiang Yu China Bistro,136,5,0.0354609929078014,0.25,0.5,0.09278350515463918,0.5154639175257731,3.9
Brighton,Flat Breads,67,17,0.2023809523809523,0.11764705882352941,0.8235294117647058,0.11940298507462686,0.5074626865671642,3.8
Brighton,Parlour,73,7,0.0875,0.0,0.8571428571428571,0.05172413793103448,0.6206896551724138,4.2
Brighton,Beef and Turkey,1,1,0.5,0.0,0.0,1.0,0.0,1.0
Brookline,Jims Deli,722,85,0.1053283767038413,0.023529411764705882,0.7647058823529411,0.0364741641337386,0.7036474164133738,4.5
Brookline,Buttermilk & Bourbon,1054,33,0.030358785648574,0.23333333333333334,0.6333333333333333,0.0611183355006502,0.45513654096228867,4.0
Brookline,Boston Sail Loft,1376,61,0.0424495476687543,0.2,0.48333333333333334,0.034550839091806514,0.5389930898321816,4.3
Brookline,Carmelinas,3428,323,0.0861103705678485,0.03426791277258567,0.7757009345794392,0.025178504321683576,0.7087561067267945,4.5
Brookline,Earls Kitchen + Bar,1432,203,0.1241590214067278,0.11219512195121951,0.824390243902439,0.0,0.3333333333333333,3.9
Brookline,The Squealing Pig,435,34,0.0724946695095948,0.18181818181818182,0.24242424242424243,0.0681265206812652,0.23357664233576642,3.7
Brookline,Oppa Sushi,364,45,0.1100244498777506,0.044444444444444446,0.7333333333333333,0.06273062730627306,0.6494464944649446,4.3
Brookline,The Mission Bar & Grill,379,32,0.0778588807785888,0.1875,0.375,0.06140350877192982,0.24561403508771928,3.7
Brookline,Burro Bar Brookline,284,12,0.0405405405405405,0.4166666666666667,0.3333333333333333,0.059574468085106386,0.37872340425531914,3.8
Brookline,Moldova Restaurant,236,34,0.1259259259259259,0.11764705882352941,0.6470588235294118,0.036458333333333336,0.609375,4.3
Brookline,Sultanas Bakery & Cafe,109,13,0.1065573770491803,0.0,1.0,0.07792207792207792,0.7532467532467533,4.5
Brookline,Hamilton Restaurant & Bar,167,14,0.0773480662983425,0.07142857142857142,0.8571428571428571,0.20915032679738563,0.38562091503267976,3.3
Brookline,Bon Me - Longwood Medical Area,55,3,0.0517241379310344,0.0,1.0,0.20930232558139536,0.3488372093023256,3.4
Brookline,Wicked Craft,102,6,0.0555555555555555,0.16666666666666666,0.8333333333333334,0.12727272727272726,0.5454545454545454,3.8
Brookline,Maliss Thai Restaurant,10,0,0.0,0.0,0.0,0.0,0.6666666666666666,4.1
Cincinnati,Nicholsons,511,45,0.0809352517985611,0.26666666666666666,0.4888888888888889,0.06060606060606061,0.3398268398268398,3.9
Cincinnati,Hofbrauhaus Newport,925,62,0.0628166160081053,0.3064516129032258,0.46774193548387094,0.07670850767085077,0.3584379358437936,3.8
Cincinnati,Swampwater Grill,386,24,0.0585365853658536,0.25,0.5,0.036544850498338874,0.5348837209302325,4.2
Cincinnati,Abigail Street,481,26,0.0512820512820512,0.08,0.64,0.0291005291005291,0.6137566137566137,4.4
Cincinnati,Strongs Brick Oven Pizzeria,455,34,0.0695296523517382,0.09090909090909091,0.6666666666666666,0.0549738219895288,0.6387434554973822,4.3
Cincinnati,Tea n Bowl,272,22,0.0748299319727891,0.13636363636363635,0.6363636363636364,0.06751054852320675,0.4767932489451477,4.0
Cincinnati,Bouquet Restaurant,350,18,0.0489130434782608,0.05555555555555555,0.7222222222222222,0.014134275618374558,0.696113074204947,4.5
Cincinnati,Lucius Q,334,25,0.0696378830083565,0.2,0.72,0.07037037037037037,0.48518518518518516,4.0
Cincinnati,Tickle Pickle Northside,313,45,0.1256983240223463,0.0,0.9782608695652174,0.07346938775510205,0.40408163265306124,3.9
Cincinnati,Nation Westwood,140,4,0.0277777777777777,0.6666666666666666,0.3333333333333333,0.038461538461538464,0.5865384615384616,4.3
Cincinnati,Bouchards,78,5,0.0602409638554216,0.0,0.6,0.0136986301369863,0.6986301369863014,4.5
Cincinnati,Enson Harbor,94,10,0.0961538461538461,0.5,0.375,0.19402985074626866,0.3582089552238806,3.3
Cincinnati,Darou Salam,49,0,0.0,0.0,0.0,0.0,0.7647058823529411,4.6
Cincinnati,Dunlap Cafe,57,4,0.0655737704918032,0.0,1.0,0.04878048780487805,0.5853658536585366,4.3
Cincinnati,Cousins Maine Lobster - Cincinnati,6,0,0.0,0.0,0.0,0.0,0.6666666666666666,4.4
Cleveland,Punch Bowl Social Cleveland,566,247,0.3038130381303813,0.09795918367346938,0.8367346938775511,0.22692307692307692,0.40192307692307694,3.4
Cleveland,Seoul Garden,407,22,0.0512820512820512,0.045454545454545456,0.6363636363636364,0.028037383177570093,0.5887850467289719,4.4
Cleveland,Pizza 216,364,43,0.1056511056511056,0.22727272727272727,0.7045454545454546,0.12582781456953643,0.4735099337748344,3.9
Cleveland,LAlbatros,900,108,0.1071428571428571,0.08333333333333333,0.6388888888888888,0.023809523809523808,0.6283068783068783,4.4
Cleveland,Superior Pho,761,60,0.0730816077953715,0.15,0.4666666666666667,0.046511627906976744,0.5276162790697675,4.2
Cleveland,Tandul,240,20,0.0769230769230769,0.05555555555555555,0.7777777777777778,0.09389671361502347,0.5023474178403756,4.0
Cleveland,Maxis,249,22,0.081180811808118,0.13636363636363635,0.6818181818181818,0.08333333333333333,0.43137254901960786,3.9
Cleveland,Phusion Cafe,200,18,0.0825688073394495,0.2222222222222222,0.6666666666666666,0.08,0.4666666666666667,4.1
Cleveland,Zhug,212,10,0.045045045045045,0.125,0.625,0.019736842105263157,0.7171052631578947,4.5
Cleveland,Mortons The Steakhouse,173,20,0.1036269430051813,0.3333333333333333,0.23809523809523808,0.2080536912751678,0.2550335570469799,3.3
Cleveland,Tacologist Tacos-Tequila-Margaritas,170,42,0.1981132075471698,0.18604651162790697,0.6976744186046512,0.1037037037037037,0.45185185185185184,3.8
Cleveland,Kenko,172,7,0.0391061452513966,0.42857142857142855,0.42857142857142855,0.0958904109589041,0.3287671232876712,3.8
Cleveland,Paradise Ranch Tequila Bar And Grill,41,5,0.108695652173913,0.16666666666666666,0.6666666666666666,0.04,0.68,4.2
Cleveland,Whiskey Island Still & Eatery,41,6,0.1276595744680851,0.3333333333333333,0.5,0.22857142857142856,0.2571428571428571,3.1
Cleveland,Tripi,8,0,0.0,0.0,0.0,0.0,0.5,4.4
Daly City,Perilla,1568,77,0.0468085106382978,0.13333333333333333,0.4666666666666667,0.045925925925925926,0.39037037037037037,4.0
Daly City,Mission Rock Resort,1719,78,0.0434056761268781,0.10126582278481013,0.6455696202531646,0.062403697996918334,0.4275808936825886,4.0
Daly City,Lavash,1652,142,0.0791527313266443,0.11888111888111888,0.6013986013986014,0.08075370121130551,0.5403768506056528,4.2
Daly City,7 Mile House,1863,153,0.0758928571428571,0.09655172413793103,0.6,0.06262763784887679,0.5248468345813478,4.2
Daly City,Outerlands,2444,143,0.0552763819095477,0.125,0.4117647058823529,0.0677035681610247,0.3389752973467521,3.8
Daly City,3rd Cousin,446,25,0.0530785562632696,0.10714285714285714,0.5357142857142857,0.06514657980456026,0.5504885993485342,4.1
Daly City,Marcellas Lasagneria,515,44,0.0787119856887298,0.022727272727272728,0.8863636363636364,0.037914691943127965,0.7938388625592417,4.6
Daly City,LaLe,628,33,0.0499243570347957,0.0,0.6363636363636364,0.0412573673870334,0.518664047151277,4.2
Daly City,Bottega,920,91,0.0900098911968348,0.011235955056179775,0.7528089887640449,0.04923599320882852,0.6196943972835314,4.3
Daly City,Saigon BBQ Noodle House,252,5,0.0194552529182879,0.0,1.0,0.024242424242424242,0.7272727272727273,4.6
Daly City,Los Metates,353,32,0.0831168831168831,0.1875,0.40625,0.08552631578947369,0.4506578947368421,3.9
Daly City,Redeye Grill,259,20,0.07168458781362,0.0,1.0,0.03553299492385787,0.7766497461928934,4.6
Daly City,Krispy Krunchy Chicken,154,7,0.0434782608695652,0.2857142857142857,0.42857142857142855,0.16666666666666666,0.3409090909090909,3.6
Daly City,Mr. Digbys,156,4,0.025,0.0,1.0,0.045112781954887216,0.6090225563909775,4.3
Daly City,The Anecdote,30,2,0.0625,0.0,0.5,0.0,0.8,4.7
Detroit,Seva Detroit,553,39,0.0658783783783783,0.358974358974359,0.38461538461538464,0.08964143426294821,0.36852589641434264,3.7
Detroit,Slows Bar BQ,2285,345,0.1311787072243346,0.13623188405797101,0.5072463768115942,0.06265060240963856,0.4004819277108434,3.9
Detroit,Sweetwater Tavern,662,67,0.0919067215363511,0.47058823529411764,0.35294117647058826,0.1692047377326565,0.27918781725888325,3.4
Detroit,SheWolf Pastificio & Bar,469,34,0.0675944333996023,0.06060606060606061,0.696969696969697,0.05070422535211268,0.5971830985915493,4.2
Detroit,Joe Muer Seafood,794,82,0.093607305936073,0.30952380952380953,0.4642857142857143,0.09984871406959153,0.4372163388804841,3.8
Detroit,M Cantina,431,40,0.0849256900212314,0.48717948717948717,0.3333333333333333,0.14285714285714285,0.5279503105590062,3.8
Detroit,The London Chop House,373,57,0.1325581395348837,0.22807017543859648,0.5614035087719298,0.08227848101265822,0.5506329113924051,4.1
Detroit,Cannelle Matt Knio,243,11,0.0433070866141732,0.09090909090909091,0.7272727272727273,0.012658227848101266,0.759493670886076,4.5
Detroit,Olin Bar & Kitchen,203,11,0.0514018691588785,0.09090909090909091,0.8181818181818182,0.049586776859504134,0.6198347107438017,4.4
Detroit,Maine Street Restaurant,83,14,0.1443298969072164,0.14285714285714285,0.5714285714285714,0.1111111111111111,0.38095238095238093,3.8
Detroit,Prism,121,8,0.0620155038759689,0.375,0.5,0.12643678160919541,0.5517241379310345,3.9
Detroit,The Potato Place,135,12,0.0816326530612244,0.3333333333333333,0.5833333333333334,0.0990990990990991,0.46846846846846846,3.9
Detroit,Ukrainian Restaurant,46,11,0.1929824561403508,0.0,0.8181818181818182,0.023809523809523808,0.7857142857142857,4.6
Detroit,Metropolitan Bar And Kitchen,24,1,0.04,0.0,0.0,0.11764705882352941,0.47058823529411764,4.0
Detroit,BITE Bar & Grill,2,0,0.0,0.0,0.0,1.0,0.0,1.0
Dublin,Gotta Eatta Pita,991,62,0.0588793922127255,0.06451612903225806,0.6774193548387096,0.060859188544152745,0.5501193317422435,4.2
Dublin,Kura Revolving Sushi Bar,919,39,0.0407098121085595,0.08108108108108109,0.40540540540540543,0.1388499298737728,0.18373071528751753,3.2
Dublin,Denicas Real Food Kitchen,1318,40,0.0294550810014727,0.07692307692307693,0.6153846153846154,0.09533468559837728,0.39553752535496955,3.8
Dublin,88 Bao Bao,894,32,0.0345572354211663,0.029411764705882353,0.7647058823529411,0.05345911949685535,0.4937106918238994,4.1
Dublin,Sauced BBQ & Spirits - Livermore,2566,251,0.0891018814341498,0.18,0.412,0.09229390681003584,0.3767921146953405,3.8
Dublin,Tri Valley Bistro,467,26,0.0527383367139959,0.0,0.8461538461538461,0.05614973262032086,0.5080213903743316,4.2
Dublin,Hazy Barbecue,543,24,0.0423280423280423,0.25,0.6666666666666666,0.08333333333333333,0.5350877192982456,3.9
Dublin,The Sister House,718,45,0.0589777195281782,0.0,0.4888888888888889,0.0676818950930626,0.4128595600676819,4.0
Dublin,Range Life,473,21,0.0425101214574898,0.09523809523809523,0.5714285714285714,0.04851752021563342,0.6442048517520216,4.4
Dublin,Torarenbou Sushi Bistro,254,12,0.0451127819548872,0.16666666666666666,0.6666666666666666,0.12834224598930483,0.43315508021390375,3.8
Dublin,Rahma Mediterranean Grill,187,12,0.0603015075376884,0.08333333333333333,0.75,0.04666666666666667,0.7733333333333333,4.5
Dublin,11th Tiger,382,27,0.0660146699266503,0.07692307692307693,0.8076923076923077,0.05405405405405406,0.6993243243243243,4.4
Dublin,DareDevil Dogs,111,4,0.0347826086956521,0.0,1.0,0.0,0.7555555555555555,4.7
Dublin,Azul,132,3,0.0222222222222222,0.0,1.0,0.13829787234042554,0.5106382978723404,3.8
Dublin,Northern Curry,35,5,0.125,0.0,1.0,0.06896551724137931,0.896551724137931,4.7
Durham,Uncle Julios,381,31,0.0752427184466019,0.43333333333333335,0.43333333333333335,0.18674698795180722,0.2740963855421687,3.2
Durham,Burger Bach,467,28,0.0565656565656565,0.17857142857142858,0.39285714285714285,0.055408970976253295,0.46965699208443273,4.0
Durham,Firebirds Wood Fired Grill,402,23,0.0541176470588235,0.2608695652173913,0.21739130434782608,0.06744868035190615,0.31085043988269795,3.7
Durham,Juju Asian Tapas + Bar,641,41,0.0601173020527859,0.02564102564102564,0.6666666666666666,0.029535864978902954,0.5253164556962026,4.3
Durham,Tobacco Road Sports Caf,584,48,0.0759493670886076,0.3191489361702128,0.44680851063829785,0.1482889733840304,0.25285171102661597,3.4
Durham,Happy + Hale,316,11,0.0336391437308868,0.36363636363636365,0.6363636363636364,0.07450980392156863,0.5058823529411764,4.0
Durham,Twisted Noodles,256,19,0.069090909090909,0.21052631578947367,0.3684210526315789,0.049107142857142856,0.33035714285714285,3.8
Durham,Teds Montana Grill - Renaissance Center,347,24,0.0646900269541779,0.125,0.5833333333333334,0.1118421052631579,0.3881578947368421,3.7
Durham,"Press Coffee, Crepes & Cocktails",246,4,0.016,0.0,1.0,0.041379310344827586,0.6758620689655173,4.6
Durham,Boxcar Bar + Arcade,129,6,0.0444444444444444,0.5,0.16666666666666666,0.15789473684210525,0.3894736842105263,3.9
Durham,Flying Biscuit Cafe - Brier Creek,132,9,0.0638297872340425,0.3,0.4,0.03571428571428571,0.5476190476190477,4.2
Durham,First Watch,166,33,0.1658291457286432,0.058823529411764705,0.9117647058823529,0.168,0.392,3.5
Durham,The Crabby Patty,40,4,0.0909090909090909,0.25,0.75,0.06451612903225806,0.7419354838709677,4.5
Durham,Lawrence Barbecue,106,4,0.0363636363636363,0.0,0.5,0.02666666666666667,0.5066666666666667,4.3
Durham,Hayti Collective Kitchen & Cocktails,6,0,0.0,0.0,0.0,0.5,0.5,3.0
Emeryville,Kirala Restaurant,1852,167,0.0827142149578999,0.06547619047619048,0.4880952380952381,0.061614294516327786,0.3758471965495995,3.9
Emeryville,Angelines Louisiana Kitchen,4856,411,0.0780330358838048,0.038929440389294405,0.5815085158150851,0.03240409816535621,0.434357874672385,4.1
Emeryville,Cafe M,1918,94,0.0467196819085487,0.10752688172043011,0.5591397849462365,0.06164383561643835,0.4178082191780822,4.0
Emeryville,Moo Bong Ri Korean Restaurant,1113,72,0.060759493670886,0.030303030303030304,0.8484848484848485,0.0350140056022409,0.711484593837535,4.5
Emeryville,Shandong Restaurant,3669,313,0.0786037167252636,0.012903225806451613,0.6129032258064516,0.03844900619094167,0.49560117302052786,4.2
Emeryville,Shawarmaji,553,22,0.0382608695652173,0.13636363636363635,0.5909090909090909,0.07407407407407407,0.6574074074074074,4.3
Emeryville,Touch of Soul,645,42,0.0611353711790393,0.2682926829268293,0.43902439024390244,0.2181500872600349,0.39267015706806285,3.5
Emeryville,Los Cantaros Taqueria,643,50,0.0721500721500721,0.22,0.32,0.1408695652173913,0.2678260869565217,3.5
Emeryville,Best Coast Burritos,535,22,0.0394973070017953,0.14285714285714285,0.5238095238095238,0.07883817427385892,0.47717842323651455,3.9
Emeryville,Kowbird,324,19,0.0553935860058309,0.1111111111111111,0.8888888888888888,0.08196721311475409,0.5245901639344263,4.1
Emeryville,Yimm,346,4,0.0114285714285714,0.0,0.5,0.01568627450980392,0.6470588235294118,4.4
Emeryville,Co Nam,285,8,0.0273037542662116,0.14285714285714285,0.5714285714285714,0.10822510822510822,0.5108225108225108,3.8
Emeryville,Ramen 101,83,5,0.0568181818181818,0.2,0.6,0.2,0.4,3.5
Emeryville,Todos,153,2,0.0129032258064516,0.0,0.5,0.06930693069306931,0.594059405940594,4.2
Emeryville,Tik Dak,43,1,0.0227272727272727,0.0,0.0,0.0,0.9310344827586207,4.9
Flushing,Bunna Cafe,804,74,0.0842824601366742,0.08108108108108109,0.6081081081081081,0.028106508875739646,0.7085798816568047,4.5
Flushing,The Bonnie,804,55,0.0640279394644936,0.037037037037037035,0.7037037037037037,0.06821480406386067,0.4847605224963715,4.1
Flushing,Loukoumi Taverna,543,75,0.1213592233009708,0.10526315789473684,0.8026315789473685,0.05567010309278351,0.6556701030927835,4.3
Flushing,Forest Hills Station House,1317,116,0.0809490579204466,0.06140350877192982,0.5701754385964912,0.03664416586306654,0.4792671166827387,4.2
Flushing,Ginger and Lemongrass,984,38,0.0371819960861056,0.05263157894736842,0.631578947368421,0.09325681492109039,0.4332855093256815,3.9
Flushing,Bobby Vans Grill,480,23,0.0457256461232604,0.21739130434782608,0.6521739130434783,0.2701298701298701,0.16623376623376623,2.9
Flushing,Buccaneer Diner,345,42,0.1085271317829457,0.35714285714285715,0.5,0.18243243243243243,0.3310810810810811,3.4
Flushing,Kissfish,248,9,0.0350194552529182,0.0,0.8888888888888888,0.04838709677419355,0.5860215053763441,4.2
Flushing,While In Kathmandu,250,17,0.0636704119850187,0.058823529411764705,0.8823529411764706,0.04419889502762431,0.7237569060773481,4.5
Flushing,Fu Yuan,226,7,0.0300429184549356,0.0,0.8571428571428571,0.023391812865497075,0.5614035087719298,4.3
Flushing,Leos Latticini Mamas,167,6,0.0346820809248554,0.0,1.0,0.013157894736842105,0.7236842105263158,4.6
Flushing,John Brown BBQ,171,4,0.0228571428571428,0.3333333333333333,0.3333333333333333,0.05128205128205128,0.5384615384615384,4.2
Flushing,Mama Schnitzel,68,12,0.15,0.0,1.0,0.125,0.7142857142857143,4.1
Flushing,Nneji,57,3,0.05,0.0,1.0,0.0,0.9534883720930233,5.0
Flushing,Yoku,7,1,0.125,0.0,0.0,0.0,1.0,5.0
Foster City,Shalizaar,1258,171,0.119664100769769,0.21511627906976744,0.42441860465116277,0.1421232876712329,0.3690068493150685,3.6
Foster City,Jacks Prime Burgers & Shakes,1783,144,0.0747275557861961,0.07801418439716312,0.5460992907801419,0.04702970297029703,0.3879950495049505,4.0
Foster City,Thai Tamarind Restaurant,525,40,0.0707964601769911,0.175,0.4,0.10217391304347827,0.4260869565217391,3.8
Foster City,Apple Fritter,1636,70,0.041031652989449,0.07246376811594203,0.5362318840579711,0.046564885496183206,0.48396946564885496,4.2
Foster City,The Cheesecake Factory,1682,149,0.0813762971054068,0.25170068027210885,0.35374149659863946,0.34217687074829933,0.13673469387755102,2.6
Foster City,Daiki Sushi,375,25,0.0625,0.34615384615384615,0.46153846153846156,0.2631578947368421,0.25386996904024767,3.1
Foster City,Amigos Grill Cocina Mexicana,299,29,0.0884146341463414,0.10344827586206896,0.2413793103448276,0.13553113553113552,0.2673992673992674,3.5
Foster City,Los Moreno Taqueria,325,30,0.0845070422535211,0.06666666666666667,0.5,0.1174496644295302,0.4429530201342282,3.9
Foster City,Sandwich Monkey,315,28,0.0816326530612244,0.17857142857142858,0.5357142857142857,0.06810035842293907,0.4121863799283154,3.8
Foster City,Spicy Empire,238,24,0.0916030534351145,0.125,0.4583333333333333,0.12437810945273632,0.3034825870646766,3.5
Foster City,Otoko Sushi,188,20,0.0961538461538461,0.2,0.6,0.21153846153846154,0.3525641025641026,3.4
Foster City,Marias Restaurant,93,7,0.07,0.3333333333333333,0.6666666666666666,0.08450704225352113,0.4225352112676056,3.8
Foster City,Sarku Japan,75,3,0.0384615384615384,1.0,0.0,0.5079365079365079,0.14285714285714285,2.3
Foster City,Quickly,92,5,0.0515463917525773,0.6,0.4,0.2028985507246377,0.2753623188405797,3.2
Foster City,Bites of Brazil,1,0,0.0,0.0,0.0,0.0,1.0,5.0
Honolulu,Shabuya,2234,183,0.0757136946628051,0.038461538461538464,0.8846153846153846,0.05603201829616924,0.6769582618639223,4.4
Honolulu,Moku Kitchen,2220,95,0.0410367170626349,0.07446808510638298,0.574468085106383,0.08333333333333333,0.16666666666666666,3.9
Honolulu,53 By The Sea,1340,57,0.0408017179670723,0.08771929824561403,0.5263157894736842,0.0771850170261067,0.47219069239500566,4.0
Honolulu,Paia Fish Market Waikiki,2084,88,0.0405156537753222,0.012048192771084338,0.6987951807228916,0.028691392582225334,0.6703988803358992,4.5
Honolulu,Side Street Inn,2025,86,0.0407389862624348,0.10465116279069768,0.4069767441860465,0.04467960023515579,0.4150499706055262,4.1
Honolulu,Hawaiian Island Cafe,621,31,0.0475460122699386,0.03333333333333333,0.8333333333333334,0.018306636155606407,0.8215102974828375,4.7
Honolulu,Mokes Bread and Breakfast - Kaimuki,724,19,0.02557200538358,0.05263157894736842,0.6842105263157895,0.026262626262626262,0.7090909090909091,4.5
Honolulu,100 Sails Restaurant & Bar,966,22,0.0222672064777327,0.09090909090909091,0.45454545454545453,0.0,0.5,4.0
Honolulu,Maguro Brothers Hawaii - Waikiki - Temp. CLOSED,881,16,0.0178372352285395,0.0625,0.625,0.026362038664323375,0.6291739894551845,4.4
Honolulu,Spice Up House of Indian Cuisine,369,17,0.044041450777202,0.05555555555555555,0.7222222222222222,0.05371900826446281,0.6859504132231405,4.5
Honolulu,Mahaloha Burger- Waikiki,552,27,0.0466321243523316,0.19230769230769232,0.34615384615384615,0.08351648351648351,0.34725274725274724,3.8
Honolulu,Guieb Cafe,618,19,0.0298273155416012,0.11764705882352941,0.7647058823529411,0.03977272727272727,0.7102272727272727,4.5
Honolulu,Izakaya Danji Honolulu,132,1,0.0075187969924812,0.0,0.0,0.1076923076923077,0.4307692307692308,4.0
Honolulu,Repettis Pizza and Provisions,160,7,0.0419161676646706,0.0,1.0,0.010752688172043012,0.6236559139784946,4.5
Honolulu,Rock N Rolls,57,1,0.0172413793103448,0.0,0.0,0.044444444444444446,0.5555555555555556,4.2
Houston,The Rice Box,928,42,0.0432989690721649,0.21951219512195122,0.5853658536585366,0.12005108556832694,0.44189016602809705,3.8
Houston,Urban Eats,1176,75,0.0599520383693045,0.1282051282051282,0.5512820512820513,0.06749740394600208,0.48078920041536866,4.0
Houston,Mezza Grille,715,64,0.0821566110397946,0.04838709677419355,0.6935483870967742,0.04647160068846816,0.6471600688468159,4.4
Houston,Adair Kitchen,1026,64,0.0587155963302752,0.15873015873015872,0.47619047619047616,0.0,0.2,3.8
Houston,Roost,606,60,0.09009009009009,0.13333333333333333,0.48333333333333334,0.042435424354243544,0.4261992619926199,4.0
Houston,TJ Birria Y Mas,401,25,0.0586854460093896,0.08333333333333333,0.7083333333333334,0.015810276679841896,0.7035573122529645,4.5
Houston,Flying Biscuit Caf - Memorial City,495,39,0.0730337078651685,0.05405405405405406,0.8378378378378378,0.0958904109589041,0.5863013698630137,4.1
Houston,Tiger Noodle House,607,34,0.0530421216848674,0.06060606060606061,0.696969696969697,0.06140350877192982,0.49122807017543857,4.1
Houston,Marmo,444,19,0.0410367170626349,0.2631578947368421,0.42105263157894735,0.06390977443609022,0.5075187969924813,4.1
Houston,Trill Burgers,302,13,0.0412698412698412,0.18181818181818182,0.36363636363636365,0.14285714285714285,0.4114285714285714,3.7
Houston,Uchiko,167,5,0.0290697674418604,0.2,0.8,0.024691358024691357,0.7530864197530864,4.4
Houston,Gatlins Fins & Feathers,172,8,0.0444444444444444,0.0,0.6666666666666666,0.0673076923076923,0.5865384615384616,4.2
Houston,Shandys,87,6,0.064516129032258,0.0,0.8333333333333334,0.125,0.671875,4.1
Houston,Cosmo Eatery - Galleria,66,6,0.0833333333333333,0.0,0.8333333333333334,0.024390243902439025,0.8292682926829268,4.7
Houston,Stick Talk Cajun Hibachi,14,1,0.0666666666666666,0.0,0.0,0.0,0.5,4.5
Iowa City,Mellow Mushroom Coralville,208,48,0.1875,0.10416666666666667,0.6875,0.09424083769633508,0.4397905759162304,3.8
Iowa City,Marquee Pizzeria,160,14,0.0804597701149425,0.2857142857142857,0.5,0.032520325203252036,0.5934959349593496,4.2
Iowa City,Reunion Brewery,182,38,0.1727272727272727,0.2631578947368421,0.42105263157894735,0.11949685534591195,0.389937106918239,3.6
Iowa City,Baroncini,181,20,0.099502487562189,0.21052631578947367,0.47368421052631576,0.07100591715976332,0.5443786982248521,4.1
Iowa City,Backpocket Brewing,178,16,0.0824742268041237,0.3125,0.125,0.07746478873239436,0.30985915492957744,3.7
Iowa City,IHOP,83,7,0.0777777777777777,0.8571428571428571,0.0,0.6923076923076923,0.01282051282051282,1.6
Iowa City,Falbo Bros. Pizzeria,70,12,0.1463414634146341,0.3333333333333333,0.3333333333333333,0.19047619047619047,0.3492063492063492,3.5
Iowa City,Pancheros Mexican Grill,89,17,0.160377358490566,0.35294117647058826,0.17647058823529413,0.3764705882352941,0.16470588235294117,2.7
Iowa City,Soseki Caf,85,10,0.1052631578947368,0.0,0.875,0.037037037037037035,0.5925925925925926,4.3
Iowa City,El Dorado Mexican Restaurant,50,8,0.1379310344827586,0.25,0.125,0.18181818181818182,0.4090909090909091,3.7
Iowa City,Brueggers Bagels and Jamba Juice,49,5,0.0925925925925925,0.8,0.0,0.45652173913043476,0.13043478260869565,2.3
Iowa City,Taco Bell,51,8,0.135593220338983,0.625,0.125,0.6458333333333334,0.08333333333333333,1.7
Iowa City,Dominos Pizza,23,8,0.2580645161290322,0.25,0.625,0.47058823529411764,0.35294117647058826,2.7
Iowa City,Papa Johns Pizza,11,3,0.2142857142857142,1.0,0.0,0.4,0.1,2.3
Iowa City,Sno Biz of Iowa City REAL Shave Ice Made Right,4,1,0.2,0.0,0.0,0.0,0.6666666666666666,4.5
La Jolla,Regents Pizzeria,1769,95,0.0509656652360515,0.11578947368421053,0.6210526315789474,0.09447300771208227,0.5160668380462725,4.0
La Jolla,JRDN Restaurant,1608,101,0.0590988882387361,0.1485148514851485,0.48514851485148514,0.07547169811320754,0.4288824383164006,3.9
La Jolla,Dirty Birds,1308,104,0.0736543909348441,0.1346153846153846,0.5288461538461539,0.08919382504288165,0.44082332761578047,3.9
La Jolla,Sugar and Scribe,2321,149,0.0603238866396761,0.08163265306122448,0.7142857142857143,0.06950028719126938,0.6381390005743826,4.3
La Jolla,Homestyle Hawaiian,2062,138,0.0627272727272727,0.11678832116788321,0.45255474452554745,0.09251620506776664,0.4254566882734237,3.9
La Jolla,Trilogy Sanctuary,934,33,0.0341261633919338,0.030303030303030304,0.8484848484848485,0.03856382978723404,0.738031914893617,4.5
La Jolla,Don Carlos Taco Shop,785,71,0.0829439252336448,0.11267605633802817,0.6619718309859155,0.05635838150289017,0.5664739884393064,4.2
La Jolla,BJs Restaurant & Brewhouse,646,30,0.044378698224852,0.3548387096774194,0.3548387096774194,0.21699819168173598,0.37613019891500904,3.4
La Jolla,Turmeric Thai Kitchen,694,42,0.0570652173913043,0.05128205128205128,0.7692307692307693,0.039792387543252594,0.7145328719723183,4.5
La Jolla,Single Fin Surf Grill,571,36,0.0593080724876441,0.08333333333333333,0.75,0.03325942350332594,0.6740576496674058,4.4
La Jolla,Cusp Dining & Drinks - Temp. CLOSED,434,21,0.0461538461538461,0.047619047619047616,0.5714285714285714,0.057534246575342465,0.5013698630136987,4.0
La Jolla,Better Buzz Coffee La Jolla,399,11,0.0268292682926829,0.2727272727272727,0.36363636363636365,0.12286689419795221,0.45733788395904434,3.9
La Jolla,Armona Kitchen,187,8,0.041025641025641,0.0,1.0,0.0,0.8870967741935484,4.7
La Jolla,Cliff Hanger Cafe,159,4,0.0245398773006134,0.0,0.75,0.04,0.368,4.0
La Jolla,Splash Cafe,32,2,0.0588235294117647,0.5,0.0,0.2,0.5333333333333333,3.8
Long Beach,Busy Bee Market,1862,272,0.1274601686972821,0.05166051660516605,0.7527675276752768,0.03613707165109034,0.7071651090342679,4.5
Long Beach,Congregation Ale House,1647,113,0.0642045454545454,0.02654867256637168,0.46017699115044247,0.06724367509986684,0.37683089214380827,3.9
Long Beach,Mamas Comfort Food & Cocktails,2983,286,0.0874885286020189,0.045936395759717315,0.833922261484099,0.04730290456431535,0.7506224066390041,4.5
Long Beach,Nicks on 2nd,3041,259,0.0784848484848484,0.0311284046692607,0.7003891050583657,0.037364403374849336,0.6661309762957011,4.5
Long Beach,The Nest - A Breakfast Joint,4165,319,0.0711418376449598,0.034482758620689655,0.7335423197492164,0.04945340968245705,0.640031233732431,4.3
Long Beach,Tasty Food To Go,710,40,0.0533333333333333,0.07692307692307693,0.6923076923076923,0.024179620034542316,0.8393782383419689,4.7
Long Beach,Georgias Restaurant,741,32,0.0413971539456662,0.25,0.53125,0.12929623567921442,0.44844517184942717,3.7
Long Beach,Jay Birds Chicken,881,37,0.0403050108932461,0.08108108108108109,0.7297297297297297,0.05571847507331378,0.658357771260997,4.3
Long Beach,Uncle Fung Borneo Eatery,872,42,0.0459518599562363,0.047619047619047616,0.7380952380952381,0.0453125,0.634375,4.4
Long Beach,Yang Chow 2.0,342,13,0.0366197183098591,0.23076923076923078,0.6153846153846154,0.09124087591240876,0.5693430656934306,4.0
Long Beach,The Firkin Pub & Grill,285,8,0.0273037542662116,0.0,0.75,0.02880658436213992,0.7942386831275721,4.6
Long Beach,Heirloom a Modern Farmhouse,388,13,0.0324189526184538,0.0,0.9230769230769231,0.04854368932038835,0.7799352750809061,4.6
Long Beach,Nguyens Kitchen,264,36,0.12,0.0625,0.8125,0.06097560975609756,0.5914634146341463,4.1
Long Beach,Colossus,219,6,0.0266666666666666,0.16666666666666666,0.6666666666666666,0.038461538461538464,0.6987179487179487,4.5
Long Beach,Proudly Serving,37,1,0.0263157894736842,0.0,0.0,0.037037037037037035,0.7037037037037037,4.3
Los Angeles,Poppy + Rose,3232,187,0.0546943550745832,0.05405405405405406,0.5459459459459459,0.06650641025641026,0.4407051282051282,4.0
Los Angeles,Bavel,2376,147,0.0582639714625445,0.014184397163120567,0.7588652482269503,0.03762755102040816,0.6575255102040817,4.4
Los Angeles,Langers Delicatessen,4454,597,0.1181944169471391,0.03361344537815126,0.6201680672268908,0.034446489613463055,0.6242440178806206,4.4
Los Angeles,Bottega Louie,18556,4389,0.1912835040313794,0.03215105894360806,0.5442714978310793,0.035869708558617965,0.40524858235526834,4.1
Los Angeles,Tatsu Ramen,4121,355,0.0793118856121537,0.059490084985835696,0.7110481586402266,0.09069699620880724,0.5188101487314086,4.0
Los Angeles,My Two Cents,921,111,0.1075581395348837,0.0,0.7964601769911505,0.04316546762589928,0.7611510791366907,4.5
Los Angeles,Egg Tuck,958,36,0.0362173038229376,0.08333333333333333,0.75,0.040446304044630406,0.6150627615062761,4.3
Los Angeles,Seong Buk Dong,1285,110,0.078853046594982,0.03636363636363636,0.5,0.05739910313901345,0.43946188340807174,4.1
Los Angeles,Wood,1090,96,0.0809443507588532,0.09574468085106383,0.723404255319149,0.140893470790378,0.5200458190148912,3.9
Los Angeles,MUN Korean Steakhouse,465,27,0.0548780487804878,0.16,0.72,0.04285714285714286,0.7642857142857142,4.5
Los Angeles,Loupiotte Kitchen,344,18,0.0497237569060773,0.11764705882352941,0.7058823529411765,0.025423728813559324,0.788135593220339,4.6
Los Angeles,Found Oyster,332,9,0.0263929618768328,0.25,0.75,0.053811659192825115,0.7354260089686099,4.4
Los Angeles,The Phoenix,310,45,0.1267605633802817,0.10869565217391304,0.43478260869565216,0.1169811320754717,0.5358490566037736,4.0
Los Angeles,PZK BBQ,181,19,0.095,0.047619047619047616,0.9047619047619048,0.017391304347826087,0.8869565217391304,4.8
Los Angeles,The Local Moco,29,2,0.064516129032258,0.0,1.0,0.06666666666666667,0.9333333333333333,4.8
Millbrae,Isla Restaurant,890,54,0.0572033898305084,0.13725490196078433,0.49019607843137253,0.15259259259259259,0.3837037037037037,3.7
Millbrae,New Asian Pearl Peninsula,749,47,0.0590452261306532,0.3191489361702128,0.2553191489361702,0.3,0.13484848484848486,2.8
Millbrae,BJs Restaurant & Brewhouse,2726,196,0.0670773442847364,0.1641025641025641,0.3435897435897436,0.3541912632821724,0.12239275875639512,2.5
Millbrae,Mokutanya,2296,138,0.0566967953985209,0.10218978102189781,0.5109489051094891,0.08057630736392743,0.38046958377801493,3.9
Millbrae,Broadway Grill,701,111,0.1366995073891625,0.23423423423423423,0.5315315315315315,0.17061611374407584,0.320695102685624,3.4
Millbrae,Tomokazu Japanese Cuisine,530,29,0.0518783542039356,0.4482758620689655,0.1724137931034483,0.3295194508009153,0.08695652173913043,2.6
Millbrae,Hashes & Brews,538,23,0.0409982174688057,0.08695652173913043,0.7391304347826086,0.11607142857142858,0.421875,3.7
Millbrae,Taqueria Mi Durango,518,20,0.037174721189591,0.0,0.7222222222222222,0.07960199004975124,0.6044776119402985,4.2
Millbrae,Sugandh Indian Restaurant & Bar,517,41,0.0734767025089605,0.024390243902439025,0.8292682926829268,0.04627249357326478,0.6683804627249358,4.3
Millbrae,37 North,188,9,0.0456852791878172,0.0,0.7777777777777778,0.1125,0.4125,3.8
Millbrae,Ninja Sushi & Tofu,229,17,0.0691056910569105,0.47058823529411764,0.29411764705882354,0.17391304347826086,0.4076086956521739,3.7
Millbrae,Big Joes - San Bruno,219,18,0.0759493670886076,0.16666666666666666,0.4444444444444444,0.07692307692307693,0.3956043956043956,3.9
Millbrae,Bun Mee,97,3,0.03,0.0,0.3333333333333333,0.09375,0.234375,3.5
Millbrae,Masala Desi Cafe - Burlingame,164,6,0.0352941176470588,0.0,0.6666666666666666,0.06,0.72,4.4
Millbrae,,5,0,0.0,0.0,0.0,0.0,0.0,1.0
Mountain View,Alices Restaurant,1417,85,0.0565912117177097,0.08433734939759036,0.5542168674698795,0.053674649050371594,0.43270024772914945,4.0
Mountain View,Orens Hummus,1004,36,0.0346153846153846,0.08333333333333333,0.5555555555555556,0.09953703703703703,0.41550925925925924,3.8
Mountain View,Kabul Afghan Cuisine,1327,161,0.1081989247311828,0.05625,0.5375,0.0532994923857868,0.4619289340101523,4.1
Mountain View,Sushi Tomi,2507,219,0.0803374908290535,0.05045871559633028,0.42201834862385323,0.05779816513761468,0.36559633027522936,3.9
Mountain View,Back A Yard Caribbean American Grill,2563,153,0.0563328424153166,0.0718954248366013,0.673202614379085,0.034559149313247675,0.590607000443066,4.4
Mountain View,Taro San Japanese Noodle Bar,977,40,0.039331366764995,0.075,0.825,0.1005586592178771,0.3952513966480447,3.7
Mountain View,Sifu Wong Kitchen,841,26,0.0299884659746251,0.0,0.75,0.09106830122591944,0.43782837127845886,3.9
Mountain View,Flea Street,707,56,0.073394495412844,0.10526315789473684,0.45614035087719296,0.0336,0.552,4.2
Mountain View,Sweet Maple,859,21,0.0238636363636363,0.0,0.8888888888888888,0.041121495327102804,0.4635514018691589,4.1
Mountain View,Shugetsu,244,5,0.0200803212851405,0.5,0.25,0.05673758865248227,0.3475177304964539,3.9
Mountain View,The Waffle Roost,285,11,0.0371621621621621,0.18181818181818182,0.45454545454545453,0.03347280334728033,0.5941422594142259,4.3
Mountain View,TBread,255,4,0.0154440154440154,0.25,0.5,0.01639344262295082,0.5628415300546448,4.3
Mountain View,Local Kitchens,75,4,0.050632911392405,0.0,1.0,0.03278688524590164,0.7213114754098361,4.4
Mountain View,Lima Ruby Peruvian,103,9,0.0803571428571428,0.0,0.75,0.09375,0.546875,4.1
Mountain View,Cloud Bistro,17,0,0.0,0.0,0.0,0.1,0.4,3.4
Napa,The Red Grape,864,47,0.0515916575192096,0.10638297872340426,0.5319148936170213,0.064,0.39466666666666667,4.0
Napa,Fum Bistro & Bar,1110,93,0.0773067331670823,0.13978494623655913,0.6021505376344086,0.04610655737704918,0.4733606557377049,4.1
Napa,El Dorado Kitchen,1442,87,0.0568999345977763,0.12643678160919541,0.47126436781609193,0.05748987854251012,0.4477732793522267,4.1
Napa,RH Yountville Restaurant,883,26,0.0286028602860286,0.08,0.72,0.08253358925143954,0.5182341650671785,4.1
Napa,El Molino Central,1241,63,0.0483128834355828,0.06349206349206349,0.6349206349206349,0.05029013539651837,0.6595744680851063,4.4
Napa,Papa Joes Pizza,488,72,0.1285714285714285,0.1111111111111111,0.75,0.1985981308411215,0.514018691588785,3.8
Napa,B&V Whiskey Bar & Grille,563,44,0.072487644151565,0.37777777777777777,0.4444444444444444,0.12863070539419086,0.45228215767634855,3.8
Napa,South Kelly Grill,389,39,0.0911214953271028,0.1282051282051282,0.7692307692307693,0.13131313131313133,0.5925925925925926,4.1
Napa,Addendum,685,17,0.0242165242165242,0.058823529411764705,0.47058823529411764,0.04424778761061947,0.3504424778761062,3.9
Napa,Pho Huong Viet Noodle House,288,18,0.0588235294117647,0.0,0.5294117647058824,0.06046511627906977,0.6325581395348837,4.4
Napa,Sonoma Eats,157,20,0.1129943502824858,0.05,0.9,0.046153846153846156,0.7923076923076923,4.6
Napa,El Rancho Grande,151,9,0.05625,0.2222222222222222,0.6666666666666666,0.1015625,0.453125,3.9
Napa,Bank Cafe and Bar,129,5,0.0373134328358208,0.4,0.4,0.1896551724137931,0.22413793103448276,3.1
Napa,Fivetown Grocery,52,2,0.037037037037037,0.0,1.0,0.19047619047619047,0.30952380952380953,3.6
Napa,Kobs Kitchen,35,1,0.0277777777777777,0.0,1.0,0.0,0.75,4.8
Nashville,Kid Rocks Big Honky Tonk and Rock n Roll Steakhouse,783,48,0.0577617328519855,0.391304347826087,0.3695652173913043,0.19507908611599298,0.40597539543058,3.5
Nashville,Roberts Western World,952,75,0.0730282375851996,0.08,0.6266666666666667,0.03238341968911917,0.5984455958549223,4.4
Nashville,Two Ten Jack,838,50,0.0563063063063063,0.20408163265306123,0.5714285714285714,0.0884450784593438,0.43651925820256776,3.9
Nashville,Pucketts Restaurant - Nashville,3225,264,0.0756663800515907,0.10606060606060606,0.5795454545454546,0.06528301886792452,0.4033962264150943,3.9
Nashville,417 Union,1083,67,0.0582608695652173,0.16417910447761194,0.5671641791044776,0.07048458149779736,0.5231277533039648,4.1
Nashville,True Food Kitchen,380,30,0.073170731707317,0.13333333333333333,0.6666666666666666,0.0707070707070707,0.5589225589225589,4.1
Nashville,Epice,471,29,0.058,0.06896551724137931,0.5517241379310345,0.0678391959798995,0.6457286432160804,4.3
Nashville,Emmy Squared Pizza - Gulch,393,21,0.0507246376811594,0.05263157894736842,0.8421052631578947,0.06853582554517133,0.5700934579439252,4.2
Nashville,Bourbon Steak by Michael Mina,721,92,0.1131611316113161,0.06593406593406594,0.8351648351648352,0.030800821355236138,0.7248459958932238,4.5
Nashville,Parlor Doughnuts,229,6,0.025531914893617,0.0,0.8333333333333334,0.04964539007092199,0.6737588652482269,4.4
Nashville,Nickys Coal Fired,293,18,0.0578778135048231,0.058823529411764705,0.6470588235294118,0.058823529411764705,0.5882352941176471,4.1
Nashville,TailGate Brewery Music Row,304,38,0.1111111111111111,0.03571428571428571,0.9285714285714286,0.029411764705882353,0.6260504201680672,4.4
Nashville,Tempo Nashville,81,2,0.0240963855421686,0.0,1.0,0.03225806451612903,0.7419354838709677,4.5
Nashville,400 Degrees,122,3,0.024,0.3333333333333333,0.6666666666666666,0.4318181818181818,0.20454545454545456,2.5
Nashville,Pelato,90,11,0.1089108910891089,0.0,1.0,0.08823529411764706,0.6764705882352942,4.3
Newark.CA,Ettan,1185,43,0.0350162866449511,0.023255813953488372,0.6511627906976745,0.0636604774535809,0.5411140583554377,4.2
Newark.CA,Telefric Barcelona -Palo Alto,1622,79,0.0464432686654908,0.06329113924050633,0.759493670886076,0.061203319502074686,0.5477178423236515,4.2
Newark.CA,Pacific PourHouse,1129,72,0.0599500416319733,0.05405405405405406,0.7297297297297297,0.08174097664543524,0.6072186836518046,4.1
Newark.CA,Le Moose Crepe Cafe,1580,111,0.0656416321703134,0.05405405405405406,0.5495495495495496,0.041474654377880185,0.4147465437788018,4.1
Newark.CA,Rays Crab Shack,1412,77,0.0517125587642713,0.24675324675324675,0.4025974025974026,0.13070866141732285,0.28346456692913385,3.5
Newark.CA,Mangal Turkish Grill,439,42,0.0873180873180873,0.0,0.9302325581395349,0.013468013468013467,0.8686868686868687,4.8
Newark.CA,Saffron Grill,445,36,0.0748440748440748,0.08333333333333333,0.6388888888888888,0.05194805194805195,0.4961038961038961,4.1
Newark.CA,Bird Dog,657,35,0.0505780346820809,0.1111111111111111,0.5,0.08097928436911488,0.4143126177024482,3.8
Newark.CA,Sojo Ramen,426,7,0.0161662817551963,0.14285714285714285,0.5714285714285714,0.08873720136518772,0.4812286689419795,3.9
Newark.CA,Katalinas Island Grill,181,14,0.0717948717948717,0.2857142857142857,0.5714285714285714,0.09615384615384616,0.6666666666666666,4.2
Newark.CA,Joyful Dim Sum Bistro,193,3,0.0153061224489795,0.0,1.0,0.03125,0.71875,4.5
Newark.CA,Sushi Ken,240,12,0.0476190476190476,0.08333333333333333,0.8333333333333334,0.053691275167785234,0.6375838926174496,4.2
Newark.CA,Street Food Vibes - Indian Cafe,108,7,0.0608695652173913,0.0,0.75,0.0273972602739726,0.7534246575342466,4.5
Newark.CA,Il Fornaio,121,4,0.032,0.0,0.6666666666666666,0.029850746268656716,0.8507462686567164,4.7
Newark.CA,+PLUS,13,2,0.1333333333333333,0.0,1.0,0.2222222222222222,0.4444444444444444,3.7
Orange County,Javiers - Crystal Cove,3713,409,0.0992236778262979,0.18048780487804877,0.44878048780487806,0.15100882723833545,0.3792559899117276,3.6
Orange County,Pom & Olive,1653,108,0.0613287904599659,0.027777777777777776,0.7777777777777778,0.0582010582010582,0.671957671957672,4.3
Orange County,HONDA-YA Tustin,3093,223,0.0672496984318456,0.05829596412556054,0.547085201793722,0.07184693479109723,0.4459195626708317,4.0
Orange County,CUCINA enoteca Irvine,2908,237,0.0753577106518283,0.1016949152542373,0.4745762711864407,0.08393387028401865,0.41966935142009326,3.9
Orange County,Bear Flag Fish,1381,81,0.0554035567715458,0.1111111111111111,0.5679012345679012,0.09519650655021834,0.4585152838427948,3.9
Orange County,Eureka! - Irvine,1196,72,0.056782334384858,0.11267605633802817,0.5915492957746479,0.09636184857423795,0.3785644051130777,3.8
Orange County,O Fine Japanese Cuisine,1300,105,0.0747330960854092,0.09900990099009901,0.5742574257425742,0.08284600389863547,0.557504873294347,4.1
Orange County,American Grub,1289,146,0.1017421602787456,0.014084507042253521,0.8309859154929577,0.03349282296650718,0.676555023923445,4.4
Orange County,Hako,966,42,0.0416666666666666,0.0,0.875,0.045779685264663805,0.65379113018598,4.4
Orange County,Bacchus Bar & Bistro,412,47,0.10239651416122,0.08888888888888889,0.5111111111111111,0.09333333333333334,0.4026666666666667,3.9
Orange County,Tai Chi Cuisine,294,26,0.08125,0.46153846153846156,0.4230769230769231,0.2766990291262136,0.3155339805825243,3.3
Orange County,Curry Up Now,449,27,0.0567226890756302,0.08695652173913043,0.8695652173913043,0.14098360655737704,0.5278688524590164,3.8
Orange County,Angry Chickz,106,37,0.2587412587412587,0.0,0.9487179487179487,0.13846153846153847,0.47692307692307695,3.7
Orange County,Hai Master Kitchen,287,23,0.0741935483870967,0.08695652173913043,0.8260869565217391,0.09615384615384616,0.6826923076923077,4.3
Orange County,Aria Kitchen,121,4,0.032,0.0,1.0,0.06666666666666667,0.8666666666666667,4.7
Park La Brea,All About the Bread,1234,123,0.0906411201179071,0.06504065040650407,0.5203252032520326,0.08547794117647059,0.46599264705882354,4.0
Park La Brea,Swingers Diner,1300,128,0.0896358543417367,0.15873015873015872,0.42063492063492064,0.11885245901639344,0.30573770491803276,3.7
Park La Brea,Pizzeria Mozza,4608,475,0.0934487507377533,0.0819327731092437,0.5210084033613446,0.0638148667601683,0.44062646096306685,4.0
Park La Brea,Marmalade Cafe,2723,580,0.1755979412655162,0.029900332225913623,0.8488372093023255,0.06729939603106126,0.5569456427955134,4.1
Park La Brea,The Cheesecake Factory,1905,261,0.1204986149584487,0.15,0.41923076923076924,0.2490842490842491,0.25396825396825395,3.1
Park La Brea,Lalibela Ethiopian Restaurant,546,43,0.0730050933786078,0.0,0.6511627906976745,0.030303030303030304,0.7121212121212122,4.5
Park La Brea,Blackbird Pizza Shop,506,30,0.0559701492537313,0.13793103448275862,0.7241379310344828,0.07637231503579953,0.711217183770883,4.4
Park La Brea,COD Restaurant,942,77,0.0755642787046123,0.039473684210526314,0.618421052631579,0.09217877094972067,0.5921787709497207,4.1
Park La Brea,Della Terra Restaurant,869,76,0.0804232804232804,0.11842105263157894,0.5921052631578947,0.0984251968503937,0.5603674540682415,4.0
Park La Brea,Uncle Paulies Deli,356,20,0.0531914893617021,0.0,0.6,0.0763888888888889,0.6180555555555556,4.1
Park La Brea,HiHo Cheeseburger | Mid Wilshire,428,25,0.0551876379690949,0.20833333333333334,0.6666666666666666,0.10606060606060606,0.5787878787878787,4.1
Park La Brea,Trejos Tacos - Farmers Market,240,10,0.04,0.1111111111111111,0.6666666666666666,0.23295454545454544,0.25,3.0
Park La Brea,Umbrella Taco,91,6,0.0618556701030927,0.0,1.0,0.10144927536231885,0.7536231884057971,4.5
Park La Brea,Cafe Joanne,145,7,0.0460526315789473,0.14285714285714285,0.5714285714285714,0.06862745098039216,0.7058823529411765,4.3
Park La Brea,Island Boy Cafe,25,2,0.074074074074074,0.5,0.5,0.14285714285714285,0.7142857142857143,4.3
Philadelphia,Honeys Sit-N-Eat,1466,112,0.0709759188846641,0.08108108108108109,0.46846846846846846,0.028051554207733132,0.4791508718726308,4.2
Philadelphia,Dutch Eating Place,881,36,0.0392584514721919,0.05405405405405406,0.5405405405405406,0.02861035422343324,0.547683923705722,4.3
Philadelphia,Front Street Cafe,832,34,0.0392609699769053,0.38235294117647056,0.38235294117647056,0.06804733727810651,0.4319526627218935,3.9
Philadelphia,Zahav,3392,402,0.1059567738534528,0.04271356783919598,0.6984924623115578,0.01773296244784423,0.7190542420027817,4.6
Philadelphia,Lukes Lobster Rittenhouse,1220,74,0.0571870170015456,0.136986301369863,0.5342465753424658,0.022179363548698167,0.523625843780135,4.3
Philadelphia,Dim Sum House,508,26,0.048689138576779,0.1111111111111111,0.6296296296296297,0.08060453400503778,0.3702770780856423,3.9
Philadelphia,Rosys Taco Bar,370,12,0.031413612565445,0.25,0.3333333333333333,0.07936507936507936,0.4380952380952381,3.9
Philadelphia,Royal Sushi & Izakaya,353,11,0.0302197802197802,0.0,0.7272727272727273,0.01171875,0.671875,4.4
Philadelphia,DuBu,644,55,0.0786838340486409,0.037037037037037035,0.7777777777777778,0.026476578411405296,0.6517311608961304,4.5
Philadelphia,Chengdu Famous Food,258,16,0.0583941605839416,0.1875,0.4375,0.11004784688995216,0.5311004784688995,4.1
Philadelphia,SouthHouse,190,13,0.064039408866995,0.0,0.8333333333333334,0.047337278106508875,0.6272189349112426,4.3
Philadelphia,Real Food Eatery,295,21,0.0664556962025316,0.1,0.65,0.015151515151515152,0.5681818181818182,4.3
Philadelphia,Rhythm and Brunch,125,10,0.074074074074074,0.1,0.4,0.16304347826086957,0.5543478260869565,4.0
Philadelphia,Pera Turkish Cuisine,118,7,0.056,0.2857142857142857,0.42857142857142855,0.039473684210526314,0.7631578947368421,4.7
Philadelphia,Nipotina,17,1,0.0555555555555555,0.0,0.0,0.0,0.6666666666666666,4.6
Phoenix,Angels Trumpet Ale House,1297,97,0.0695839311334289,0.052083333333333336,0.46875,0.03896103896103896,0.46938775510204084,4.1
Phoenix,Lo-Los Chicken & Waffles,2835,360,0.1126760563380281,0.17827298050139276,0.532033426183844,0.12654452492543672,0.4367277375372816,3.8
Phoenix,Zookz Sandwiches,1198,94,0.0727554179566563,0.020833333333333332,0.78125,0.008171603677221655,0.7507660878447395,4.6
Phoenix,The Arrogant Butcher,3127,443,0.1240896358543417,0.07289293849658314,0.5216400911161732,0.04567761419403549,0.42204605511513776,4.0
Phoenix,Durants,1228,120,0.0890207715133531,0.15833333333333333,0.5583333333333333,0.06582506762849413,0.5906221821460775,4.2
Phoenix,Tacos Chiwas,923,56,0.0572012257405515,0.05454545454545454,0.7272727272727273,0.0453920220082531,0.6299862448418156,4.3
Phoenix,Southern Rail,738,38,0.0489690721649484,0.23076923076923078,0.5128205128205128,0.10526315789473684,0.4179566563467492,3.7
Phoenix,TEXAZ Grill,822,83,0.0917127071823204,0.08333333333333333,0.5595238095238095,0.0,0.8,4.1
Phoenix,The Porch,926,120,0.1147227533460803,0.09243697478991597,0.8151260504201681,0.14720812182741116,0.5038071065989848,3.8
Phoenix,Babbo Italian Eatery,433,47,0.0979166666666666,0.14583333333333334,0.625,0.10427807486631016,0.45187165775401067,3.8
Phoenix,Harveys Wineburger,502,50,0.0905797101449275,0.22,0.5,0.10900473933649289,0.5118483412322274,4.0
Phoenix,Prado,249,14,0.053231939163498,0.21428571428571427,0.5,0.05339805825242718,0.48058252427184467,3.9
Phoenix,Provision,111,0,0.0,0.0,0.0,0.11428571428571428,0.35714285714285715,3.7
Phoenix,The Sandwich Spot - Phoenix,139,9,0.0608108108108108,0.0,1.0,0.021739130434782608,0.8695652173913043,4.8
Phoenix,Sidecar Social Club,69,4,0.0547945205479452,0.0,1.0,0.05128205128205128,0.7692307692307693,4.6
Pittsburgh,Smoke,522,32,0.0577617328519855,0.3125,0.34375,0.10105263157894737,0.38105263157894737,3.7
Pittsburgh,Monterey Bay Fish Grotto,692,43,0.0585034013605442,0.21428571428571427,0.5,0.05166051660516605,0.540590405904059,4.2
Pittsburgh,Everyday Noodles,945,60,0.0597014925373134,0.18333333333333332,0.5333333333333333,0.03467406380027739,0.5090152565880721,4.2
Pittsburgh,tk,1940,198,0.0926099158091674,0.05612244897959184,0.6581632653061225,0.0347985347985348,0.5866910866910867,4.3
Pittsburgh,Condado Tacos,1164,101,0.0798418972332015,0.14285714285714285,0.5510204081632653,0.06597938144329897,0.48041237113402063,4.0
Pittsburgh,Coughlins Law Kitchen and Ale House,293,19,0.0608974358974358,0.35,0.45,0.10747663551401869,0.3878504672897196,3.7
Pittsburgh,Dorothy 6 Blast Furnace Cafe,237,16,0.0632411067193675,0.26666666666666666,0.4,0.09230769230769231,0.4564102564102564,3.9
Pittsburgh,Maxs Allegheny Tavern,338,34,0.0913978494623656,0.14705882352941177,0.5,0.07291666666666667,0.4131944444444444,3.9
Pittsburgh,The Speckled Egg PGH,391,20,0.048661800486618,0.09090909090909091,0.8636363636363636,0.05747126436781609,0.6590038314176245,4.4
Pittsburgh,Crepes Parisiennes,223,10,0.0429184549356223,0.3,0.3,0.09895833333333333,0.46875,4.0
Pittsburgh,Diners 2+1,175,6,0.0331491712707182,0.0,0.8333333333333334,0.031007751937984496,0.8294573643410853,4.7
Pittsburgh,Pasha Cafe & Lounge,207,17,0.0758928571428571,0.0,0.875,0.03821656050955414,0.6178343949044586,4.4
Pittsburgh,Sushi Kim 2,43,7,0.14,0.0,1.0,0.0,0.7777777777777778,4.7
Pittsburgh,Spirits & Tales,117,5,0.040983606557377,0.6,0.4,0.10638297872340426,0.2872340425531915,3.4
Pittsburgh,Eighteen,9,4,0.3076923076923077,0.0,1.0,0.0,0.5555555555555556,4.1
Pleasanton,Albertos Cantina,706,50,0.0661375661375661,0.32,0.14,0.4039334341906203,0.12254160363086233,2.4
Pleasanton,Jims Country Style Restaurant,653,67,0.0930555555555555,0.1076923076923077,0.5692307692307692,0.06349206349206349,0.4585537918871252,4.0
Pleasanton,Coco Cabana,992,90,0.0831792975970425,0.056179775280898875,0.43820224719101125,0.11962833914053426,0.26364692218350755,3.5
Pleasanton,Burma Burma,1490,84,0.0533672172808132,0.03529411764705882,0.7058823529411765,0.04203935599284436,0.6189624329159212,4.3
Pleasanton,Seoul Jung Korean BBQ,1562,1274,0.4492242595204513,0.025086505190311418,0.8313148788927336,0.2564962279966471,0.30259849119865884,3.3
Pleasanton,Chilis,404,32,0.073394495412844,0.25,0.3125,0.42934782608695654,0.1331521739130435,2.4
Pleasanton,Local Poke,438,17,0.0373626373626373,0.0,0.6875,0.027855153203342618,0.6740947075208914,4.4
Pleasanton,New York Pizza,470,61,0.1148775894538606,0.2,0.43333333333333335,0.20681265206812652,0.3844282238442822,3.5
Pleasanton,Experience Burma Restaurant and Bar,474,17,0.0346232179226069,0.11764705882352941,0.7647058823529411,0.05851063829787234,0.6143617021276596,4.2
Pleasanton,King Wah,290,12,0.0397350993377483,0.3076923076923077,0.3076923076923077,0.2631578947368421,0.21052631578947367,3.2
Pleasanton,Nick The Greek,255,12,0.0449438202247191,0.25,0.5833333333333334,0.10328638497652583,0.4788732394366197,3.8
Pleasanton,Elevation LVK,241,16,0.0622568093385214,0.1875,0.625,0.10824742268041238,0.634020618556701,4.1
Pleasanton,Dinos Pizza Kitchen,108,15,0.1219512195121951,0.0,1.0,0.0,0.8311688311688312,4.8
Pleasanton,Annachi Kadai,107,3,0.0272727272727272,0.5,0.5,0.3411764705882353,0.4235294117647059,3.2
Pleasanton,Teriyaki City Grill - Pleasanton,79,2,0.0246913580246913,0.0,0.0,0.046511627906976744,0.5813953488372093,4.1
Portland,Elephants Delicatessen,848,76,0.0822510822510822,0.06666666666666667,0.6933333333333334,0.0326975476839237,0.5871934604904632,4.3
Portland,Serratto,722,59,0.0755441741357234,0.2033898305084746,0.4576271186440678,0.04461538461538461,0.4123076923076923,4.0
Portland,Nuestra Cocina,623,86,0.1212976022566995,0.023255813953488372,0.627906976744186,0.033628318584070796,0.5911504424778761,4.3
Portland,Screen Door Eastside,8448,1534,0.153676617912242,0.053350683148991544,0.6434612882238127,0.021208599651365484,0.6364032539221383,4.4
Portland,Urban Farmer,1122,81,0.0673316708229426,0.24390243902439024,0.4634146341463415,0.07661290322580645,0.35786290322580644,3.8
Portland,Meat Cheese Bread,429,43,0.0911016949152542,0.09302325581395349,0.5116279069767442,0.03968253968253968,0.4497354497354497,4.1
Portland,Swine Moonshine & Whiskey Bar,374,17,0.0434782608695652,0.0,0.8235294117647058,0.06862745098039216,0.49019607843137253,4.0
Portland,Master Kong,455,23,0.0481171548117154,0.045454545454545456,0.6363636363636364,0.05688622754491018,0.5449101796407185,4.2
Portland,Murata Restaurant,413,35,0.078125,0.05555555555555555,0.5555555555555556,0.05214723926380368,0.6687116564417178,4.4
Portland,Portland Kettle,191,10,0.0497512437810945,0.1,0.7,0.031055900621118012,0.6273291925465838,4.3
Portland,Hat Yai,250,11,0.0421455938697318,0.0,0.7,0.06358381502890173,0.5780346820809249,4.2
Portland,Beastro By Marshawn Lynch,165,5,0.0294117647058823,0.0,1.0,0.08771929824561403,0.39473684210526316,3.7
Portland,Wu-Rons,61,1,0.0161290322580645,0.0,0.0,0.0,0.7857142857142857,4.6
Portland,Fish-San,60,4,0.0625,0.0,0.6666666666666666,0.0,0.8823529411764706,4.8
Portland,Pasture PDX,39,1,0.025,0.0,0.0,0.041666666666666664,0.7083333333333334,4.5
Saint Paul,Sea Salt Eatery,815,45,0.0523255813953488,0.1702127659574468,0.40425531914893614,0.05192878338278932,0.41097922848664686,4.0
Saint Paul,Hi-Lo Diner,609,43,0.0659509202453987,0.13953488372093023,0.5116279069767442,0.048484848484848485,0.42828282828282827,4.0
Saint Paul,Chimborazo,809,82,0.0920314253647587,0.04819277108433735,0.7469879518072289,0.02535211267605634,0.704225352112676,4.6
Saint Paul,Moscow On The Hill,573,60,0.0947867298578199,0.13114754098360656,0.6229508196721312,0.034324942791762014,0.5423340961098398,4.3
Saint Paul,J. Selbys,416,24,0.0545454545454545,0.043478260869565216,0.7391304347826086,0.049586776859504134,0.628099173553719,4.3
Saint Paul,Yarusso Bros Italian Restaurant,143,26,0.1538461538461538,0.3076923076923077,0.5769230769230769,0.08527131782945736,0.3953488372093023,3.8
Saint Paul,Little Szechuan Hot Pot,270,19,0.0657439446366782,0.3157894736842105,0.3684210526315789,0.14227642276422764,0.34552845528455284,3.6
Saint Paul,New Fresh Wok,160,28,0.1489361702127659,0.4827586206896552,0.4827586206896552,0.1323529411764706,0.3897058823529412,3.7
Saint Paul,Dark Horse Bar & Eatery,252,12,0.0454545454545454,0.25,0.5,0.08796296296296297,0.35185185185185186,3.8
Saint Paul,Taste of Scandinavia Bakery & Cafe,81,10,0.1098901098901098,0.3,0.6,0.038461538461538464,0.46153846153846156,4.0
Saint Paul,Olivers - Shoreview,123,10,0.075187969924812,0.0,0.6,0.0125,0.6625,4.5
Saint Paul,The Bungalow Club,98,3,0.0297029702970297,0.0,1.0,0.0,0.0,4.3
Saint Paul,Coffee Cup on Randolph,58,1,0.0169491525423728,0.0,0.0,0.11363636363636363,0.6363636363636364,4.0
Saint Paul,Dock & Paddle,20,0,0.0,0.0,0.0,0.06666666666666667,0.2,3.4
Saint Paul,Big Biscuit Bar,4,0,0.0,0.0,0.0,0.25,0.75,4.0
Salem,Super Pho,249,27,0.0978260869565217,0.2222222222222222,0.14814814814814814,0.19545454545454546,0.33181818181818185,3.4
Salem,China Gourmet,236,26,0.099236641221374,0.07407407407407407,0.6296296296296297,0.045,0.6,4.3
Salem,Yan Yan Chinese Cuisine,229,22,0.0876494023904382,0.13636363636363635,0.6363636363636364,0.06382978723404255,0.5904255319148937,4.2
Salem,Santiam Brewing,287,21,0.0681818181818181,0.14285714285714285,0.5714285714285714,0.0273972602739726,0.639269406392694,4.4
Salem,In-N-Out Burger,443,29,0.0614406779661017,0.2413793103448276,0.4827586206896552,0.12721893491124261,0.4467455621301775,3.7
Salem,Johns Chinese Restaurant,141,22,0.1349693251533742,0.30434782608695654,0.34782608695652173,0.14912280701754385,0.4298245614035088,3.8
Salem,Original Roadhouse Grill,190,33,0.147982062780269,0.17647058823529413,0.6764705882352942,0.2768361581920904,0.1864406779661017,2.7
Salem,Minas Cafe,137,19,0.1217948717948717,0.10526315789473684,0.7894736842105263,0.08849557522123894,0.6194690265486725,4.2
Salem,Masonry Grill,149,14,0.0858895705521472,0.35714285714285715,0.5,0.17054263565891473,0.3333333333333333,3.3
Salem,Nancy Jos Burgers & Fries,64,8,0.1111111111111111,0.5,0.375,0.21428571428571427,0.42857142857142855,3.5
Salem,Big Wig Donuts,84,3,0.0344827586206896,0.0,1.0,0.03125,0.84375,4.6
Salem,Tonys Taco Shop,116,11,0.0866141732283464,0.45454545454545453,0.18181818181818182,0.07766990291262135,0.5436893203883495,4.1
Salem,TokyRoll Sushi & Pok - Salem,36,5,0.1219512195121951,0.0,0.8,0.037037037037037035,0.7037037037037037,4.0
Salem,Oriental Sushi & Chinese,49,10,0.1694915254237288,0.0,1.0,0.034482758620689655,0.5862068965517241,4.3
Salem,G3 Pizza & Burgers,11,2,0.1538461538461538,0.0,0.0,0.0,0.8,4.6
Salt Lake City,Stoneground Kitchen,617,56,0.0832095096582466,0.23214285714285715,0.44642857142857145,0.09328358208955224,0.416044776119403,3.8
Salt Lake City,Squatters Pub Brewery,1336,130,0.0886766712141882,0.10852713178294573,0.4263565891472868,0.06796116504854369,0.31332744924977934,3.8
Salt Lake City,Blue Iguana,544,50,0.0841750841750841,0.2,0.46,0.15246636771300448,0.26905829596412556,3.4
Salt Lake City,HSL,715,62,0.0797940797940797,0.015873015873015872,0.6984126984126984,0.021015761821366025,0.6322241681260946,4.4
Salt Lake City,Penny Anns Cafe,1424,165,0.1038388923851478,0.06060606060606061,0.7151515151515152,0.054963084495488104,0.5561936013125512,4.2
Salt Lake City,Monkeywrench,281,9,0.0310344827586206,0.0,0.8888888888888888,0.06422018348623854,0.6330275229357798,4.4
Salt Lake City,Beaumont Bakery & Cafe,402,29,0.0672853828306264,0.27586206896551724,0.4482758620689655,0.11564625850340136,0.46258503401360546,3.9
Salt Lake City,Christophers Prime Tavern & Grill,340,59,0.1478696741854636,0.15254237288135594,0.6610169491525424,0.19310344827586207,0.41724137931034483,3.5
Salt Lake City,Ivy & Varley,322,9,0.0271903323262839,0.1111111111111111,0.8888888888888888,0.09345794392523364,0.5560747663551402,4.1
Salt Lake City,Hook & Reel Cajun Seafood & Bar,135,15,0.1,0.0,0.9375,0.10869565217391304,0.5978260869565217,4.1
Salt Lake City,Los Tapatios Taco Grill,131,11,0.0774647887323943,0.09090909090909091,0.6363636363636364,0.07954545454545454,0.7159090909090909,4.4
Salt Lake City,Sonoma Grill & Wine Bar,111,6,0.0512820512820512,0.3333333333333333,0.6666666666666666,0.12371134020618557,0.44329896907216493,3.7
Salt Lake City,Copper Canyon Grill House And Tavern,89,7,0.0729166666666666,0.42857142857142855,0.42857142857142855,0.4358974358974359,0.1282051282051282,2.5
Salt Lake City,Tacos Hidalgo,59,12,0.1690140845070422,0.0,0.8333333333333334,0.0,0.7659574468085106,4.8
Salt Lake City,Street Tacos Don Joaquin -Salt Lake,22,0,0.0,0.0,0.0,0.15384615384615385,0.6923076923076923,4.1
San Jose,Pacific Catch,1937,146,0.0700912145943351,0.0945945945945946,0.5067567567567568,0.06783767413688674,0.3791641429436705,3.9
San Jose,The Farmers Union,1301,62,0.0454878943506969,0.14516129032258066,0.5,0.10431654676258993,0.2652877697841727,3.5
San Jose,Bun Bo Hue An Nam,2129,184,0.0795503674881106,0.03278688524590164,0.46994535519125685,0.045926735921268454,0.4100601421541826,4.0
San Jose,The Breakfast Club,3813,286,0.0697731153939985,0.0812720848056537,0.6113074204946997,0.09035326086956522,0.43546195652173914,3.9
San Jose,ToBang,2506,193,0.0715079659133012,0.020618556701030927,0.6494845360824743,0.06574712643678161,0.4588505747126437,4.1
San Jose,Mayas Cafe,707,64,0.0830090791180285,0.015625,0.578125,0.04926108374384237,0.6486042692939245,4.3
San Jose,Brew City Grill,622,35,0.0532724505327245,0.029411764705882353,0.7352941176470589,0.04602510460251046,0.6380753138075314,4.4
San Jose,Chicken Meets Rice,1173,45,0.0369458128078817,0.022727272727272728,0.5681818181818182,0.034055727554179564,0.5810113519091847,4.3
San Jose,Water Tower Kitchen,830,33,0.0382387022016222,0.03125,0.84375,0.03565640194489465,0.5575364667747164,4.3
San Jose,Umi Hand Roll Bar,284,5,0.0173010380622837,0.0,0.2,0.10900473933649289,0.45023696682464454,3.9
San Jose,Slaters 50/50 - San Jose,257,12,0.0446096654275092,0.18181818181818182,0.5454545454545454,0.15217391304347827,0.32608695652173914,3.5
San Jose,Uncle Johns Pancake House - The Alameda,516,29,0.0532110091743119,0.0,0.7666666666666667,0.039755351681957186,0.6758409785932722,4.4
San Jose,Thaibodia Bistro,78,5,0.0602409638554216,0.0,0.6,0.044444444444444446,0.6888888888888889,4.5
San Jose,Milk Belly Bakery,98,1,0.0101010101010101,0.0,0.0,0.05405405405405406,0.6756756756756757,4.4
San Jose,Nagoya Sushi,65,6,0.0845070422535211,0.0,1.0,0.046511627906976744,0.6744186046511628,4.5
San Leandro,Scolaris,1285,95,0.0688405797101449,0.05263157894736842,0.6105263157894737,0.05462555066079295,0.5444933920704845,4.2
San Leandro,Frodo Joes Coffee & Tea,839,64,0.0708748615725359,0.0625,0.59375,0.029745042492917848,0.5878186968838527,4.3
San Leandro,Zocalo Coffeehouse,1101,88,0.0740117746005046,0.14942528735632185,0.6206896551724138,0.06096256684491978,0.4983957219251337,4.1
San Leandro,Fifth Wheel,791,55,0.0650118203309692,0.05660377358490566,0.4528301886792453,0.06956521739130435,0.45507246376811594,4.1
San Leandro,Vientian Cafe,1167,84,0.0671462829736211,0.05952380952380952,0.6071428571428571,0.04591836734693878,0.5183673469387755,4.2
San Leandro,Little Namking,333,23,0.0646067415730337,0.13043478260869565,0.391304347826087,0.11510791366906475,0.4136690647482014,3.8
San Leandro,Pho An Hoa,595,29,0.0464743589743589,0.20689655172413793,0.41379310344827586,0.14634146341463414,0.3556910569105691,3.7
San Leandro,Minami Sushi,636,62,0.0888252148997134,0.04918032786885246,0.4918032786885246,0.075046904315197,0.44840525328330205,4.0
San Leandro,Ramen101,601,23,0.0368589743589743,0.08695652173913043,0.5652173913043478,0.08902691511387163,0.40993788819875776,3.9
San Leandro,Fire Wings,252,17,0.0631970260223048,0.3333333333333333,0.3333333333333333,0.21904761904761905,0.3047619047619048,3.4
San Leandro,Vons Chicken,201,6,0.0289855072463768,0.0,0.8333333333333334,0.09395973154362416,0.5771812080536913,4.1
San Leandro,Chinese Bakery and Deli,240,10,0.04,0.2,0.3,0.05851063829787234,0.3351063829787234,3.8
San Leandro,Great Wall Restaurant,176,15,0.0785340314136125,0.26666666666666666,0.4,0.23648648648648649,0.22297297297297297,3.3
San Leandro,Mochinut San Leandro,92,2,0.0212765957446808,0.0,0.5,0.07547169811320754,0.41509433962264153,3.7
San Leandro,Lao and Sushi Bistro,41,2,0.0465116279069767,0.0,0.0,0.05555555555555555,0.8333333333333334,4.6
San Mateo,"Kincaids Fish, Chop & Steakhouse",1335,92,0.0644709180098108,0.16304347826086957,0.358695652173913,0.12017543859649123,0.2631578947368421,3.5
San Mateo,Himawari,2333,119,0.048531810766721,0.06837606837606838,0.4358974358974359,0.04093288910042837,0.2513089005235602,3.8
San Mateo,Cuisinett Bistro & Market,938,37,0.0379487179487179,0.15789473684210525,0.6052631578947368,0.030229746070133012,0.5513905683192262,4.3
San Mateo,Mokutanya,2296,138,0.0566967953985209,0.10218978102189781,0.5109489051094891,0.07432432432432433,0.39864864864864863,3.9
San Mateo,Gyu-Kaku Japanese BBQ,1120,91,0.0751445086705202,0.10869565217391304,0.5760869565217391,0.11946902654867257,0.3418141592920354,3.7
San Mateo,Kaz Teriyaki Grill,612,34,0.0526315789473684,0.05714285714285714,0.5142857142857142,0.07386363636363637,0.3787878787878788,3.9
San Mateo,Vespucci Ristorante Italiano,635,70,0.0992907801418439,0.18309859154929578,0.647887323943662,0.055762081784386616,0.6412639405204461,4.3
San Mateo,Kemuri Japanese Bar,691,27,0.0376044568245125,0.0,0.5925925925925926,0.07575757575757576,0.47186147186147187,4.0
San Mateo,Mykonos Meze,602,37,0.0579029733959311,0.03125,0.90625,0.032663316582914576,0.7738693467336684,4.6
San Mateo,MidiCi Neapolitan Pizza - San Mateo,398,43,0.0975056689342403,0.023255813953488372,0.9767441860465116,0.13664596273291926,0.5,3.7
San Mateo,Koja Kitchen,430,20,0.0444444444444444,0.05,0.5,0.10335195530726257,0.33798882681564246,3.7
San Mateo,Centro Pizza,284,13,0.0437710437710437,0.16666666666666666,0.5833333333333334,0.05555555555555555,0.6944444444444444,4.4
San Mateo,Silver Lake Seafood Restaurant,263,14,0.0505415162454873,0.14285714285714285,0.42857142857142855,0.07729468599033816,0.3864734299516908,4.0
San Mateo,SAJJ Mediterranean,216,8,0.0357142857142857,0.125,0.75,0.07936507936507936,0.6349206349206349,4.2
San Mateo,Hing Lung - Temp. CLOSED,58,2,0.0333333333333333,0.0,0.0,0.07142857142857142,0.2857142857142857,3.7
Santa Clara,Paesano Ristorante Italiano,1293,104,0.0744452397995705,0.018867924528301886,0.49056603773584906,0.05736137667304015,0.46175908221797324,4.1
Santa Clara,Pizza Antica,3298,233,0.0659869725290286,0.11206896551724138,0.36637931034482757,0.07615437629221226,0.30634045485871814,3.8
Santa Clara,Ozumo Santana Row,1435,103,0.0669700910273081,0.07766990291262135,0.8058252427184466,0.08445945945945946,0.6359797297297297,4.1
Santa Clara,ToBang,2506,193,0.0715079659133012,0.020618556701030927,0.6494845360824743,0.1111111111111111,0.37037037037037035,4.1
Santa Clara,Bills Cafe,2342,177,0.0702659785629218,0.06179775280898876,0.5224719101123596,0.046314741035856574,0.44721115537848605,4.1
Santa Clara,Sus Mongolian BBQ,695,52,0.0696117804551539,0.11764705882352941,0.47058823529411764,0.05837173579109063,0.32872503840245776,3.8
Santa Clara,Demiya,702,37,0.0500676589986468,0.10810810810810811,0.5405405405405406,0.07329842931937172,0.4607329842931937,4.0
Santa Clara,China Stix Restaurant,791,76,0.0876585928489042,0.11842105263157894,0.4868421052631579,0.1323529411764706,0.2426470588235294,3.4
Santa Clara,Sweet Maple,664,19,0.027818448023426,0.0625,0.5625,0.046875,0.4244791666666667,4.1
Santa Clara,Mastros Steakhouse,481,33,0.0642023346303501,0.125,0.71875,0.12040133779264214,0.4882943143812709,3.8
Santa Clara,Men-Bei Ramen,515,14,0.0264650283553875,0.15384615384615385,0.6153846153846154,0.04975124378109453,0.39054726368159204,4.0
Santa Clara,Indian Tadka,351,16,0.0435967302452316,0.0,0.8666666666666667,0.057692307692307696,0.7153846153846154,4.4
Santa Clara,Top Dumpling,133,5,0.036231884057971,0.2,0.8,0.058823529411764705,0.4411764705882353,4.1
Santa Clara,BN Chicken,248,12,0.0461538461538461,0.0,0.6666666666666666,0.08737864077669903,0.42718446601941745,4.0
Santa Clara,Olioli Hawaiian BBQ,76,3,0.0379746835443038,0.0,1.0,0.0,0.6774193548387096,4.7
Schaumburg,Portillos & Barnellis Schaumburg,646,82,0.1126373626373626,0.2891566265060241,0.39759036144578314,0.12880143112701253,0.4221824686940966,3.8
Schaumburg,Kura Revolving Sushi Bar,686,193,0.2195676905574516,0.021621621621621623,0.9243243243243243,0.11811023622047244,0.40551181102362205,3.8
Schaumburg,Bahama Breeze,717,74,0.0935524652338811,0.1891891891891892,0.3918918918918919,0.12026359143327842,0.30807248764415157,3.6
Schaumburg,Brazil Express Churrasco Grill,569,67,0.1053459119496855,0.05970149253731343,0.7164179104477612,0.022727272727272728,0.6287878787878788,4.4
Schaumburg,Lou Malnatis Pizzeria,799,114,0.1248630887185104,0.11304347826086956,0.5739130434782609,0.06774668630338733,0.5773195876288659,4.2
Schaumburg,Lalos Mexican Restaurant - Schaumburg,249,30,0.1075268817204301,0.2413793103448276,0.3793103448275862,0.15306122448979592,0.2193877551020408,3.3
Schaumburg,Dons Dock Seafood,379,38,0.0911270983213429,0.05263157894736842,0.6842105263157895,0.033444816053511704,0.5050167224080268,4.2
Schaumburg,Millers Ale House,277,49,0.1503067484662576,0.18,0.76,0.1859504132231405,0.3760330578512397,3.4
Schaumburg,Farmhouse On North,250,28,0.1007194244604316,0.037037037037037035,0.7407407407407407,0.07906976744186046,0.6093023255813953,4.1
Schaumburg,Neoteca,161,18,0.1005586592178771,0.058823529411764705,0.8823529411764706,0.061068702290076333,0.5038167938931297,4.1
Schaumburg,The Capital Grille,151,10,0.062111801242236,0.4,0.3,0.11214953271028037,0.6074766355140186,4.1
Schaumburg,Francos Cucina Italian Bakery & Deli,180,18,0.0909090909090909,0.16666666666666666,0.6666666666666666,0.05194805194805195,0.6753246753246753,4.4
Schaumburg,Tropical Time,78,4,0.048780487804878,0.0,0.75,0.12280701754385964,0.47368421052631576,3.8
Schaumburg,Rebel Kitchen + Bar,72,11,0.1325301204819277,0.14285714285714285,0.6428571428571429,0.043478260869565216,0.5652173913043478,4.1
Schaumburg,India Foodie Lounge,8,2,0.2,0.0,0.5,0.0,0.8,4.4
Somerville,The Friendly Toast,2868,182,0.0596721311475409,0.11363636363636363,0.6704545454545454,0.047331786542923436,0.5832946635730858,4.3
Somerville,Caf Luna,1715,83,0.0461624026696329,0.10714285714285714,0.4523809523809524,0.0465444287729196,0.5267983074753173,4.2
Somerville,Fuji at Assembly,651,41,0.0592485549132947,0.04878048780487805,0.5853658536585366,0.04933586337760911,0.5654648956356736,4.2
Somerville,Posto,1033,78,0.0702070207020702,0.13157894736842105,0.5131578947368421,0.038302277432712216,0.39233954451345754,4.0
Somerville,The Smoke Shop BBQ - Kendall Square,690,28,0.0389972144846796,0.20689655172413793,0.4482758620689655,0.05442176870748299,0.4030612244897959,3.9
Somerville,Desfina Restaurant,279,14,0.0477815699658703,0.07142857142857142,0.5,0.05622489959839357,0.40160642570281124,3.9
Somerville,Out of the Blue,276,33,0.1067961165048543,0.02857142857142857,0.6,0.05859375,0.47265625,4.0
Somerville,Ariana Restaurant,485,44,0.0831758034026465,0.06976744186046512,0.5813953488372093,0.022271714922048998,0.6102449888641426,4.4
Somerville,The Abbey,303,17,0.053125,0.29411764705882354,0.47058823529411764,0.125,0.39285714285714285,3.7
Somerville,Pepis Pizzeria,128,10,0.072463768115942,0.09090909090909091,0.6363636363636364,0.14545454545454545,0.4909090909090909,3.8
Somerville,Black Sheep Bagel Cafe,246,8,0.0314960629921259,0.125,0.5,0.028089887640449437,0.4887640449438202,4.2
Somerville,Flour Bakery + Cafe,259,8,0.0299625468164794,0.25,0.375,0.03431372549019608,0.4950980392156863,4.2
Somerville,Parla XXI,58,3,0.0491803278688524,0.6666666666666666,0.3333333333333333,0.1836734693877551,0.46938775510204084,3.6
Somerville,Comfort Kitchen,73,2,0.0266666666666666,0.0,0.0,0.08333333333333333,0.75,4.6
Somerville,Deep Cuts,19,2,0.0952380952380952,0.0,1.0,0.05555555555555555,0.6666666666666666,4.5
Sunnyvale,Ramen Nagi,2290,119,0.0493980904939809,0.03333333333333333,0.7,0.019058963668850508,0.6128648004764741,4.4
Sunnyvale,Eureka! - Mountain View,1354,65,0.0458069062720225,0.13846153846153847,0.4153846153846154,0.09455587392550144,0.3772683858643744,3.8
Sunnyvale,Chaats And Currys,1135,135,0.1062992125984252,0.08088235294117647,0.6397058823529411,0.12738214643931794,0.4663991975927783,3.8
Sunnyvale,Puesto Santa Clara,1814,189,0.0943584623065401,0.061452513966480445,0.8324022346368715,0.09309309309309309,0.4519519519519519,3.9
Sunnyvale,Inchins Bamboo Garden,1218,62,0.0484375,0.21666666666666667,0.4166666666666667,0.32015065913371,0.1431261770244821,2.8
Sunnyvale,Urfa Bistro,447,34,0.0706860706860706,0.15151515151515152,0.6060606060606061,0.02857142857142857,0.6428571428571429,4.4
Sunnyvale,Kumako Ramen Den,566,37,0.0613598673300165,0.0,1.0,0.015748031496062992,0.7900262467191601,4.6
Sunnyvale,Flemings Prime Steakhouse & Wine Bar,989,49,0.0472061657032755,0.08,0.74,0.047021943573667714,0.6316614420062696,4.3
Sunnyvale,Hanabusa Caf,642,19,0.0287443267776096,0.05555555555555555,0.6666666666666666,0.14354066985645933,0.32057416267942584,3.6
Sunnyvale,Ajito,351,18,0.048780487804878,0.16666666666666666,0.5,0.0622568093385214,0.4046692607003891,4.0
Sunnyvale,Danawa,287,19,0.0620915032679738,0.10526315789473684,0.7894736842105263,0.135678391959799,0.4623115577889447,3.9
Sunnyvale,Indian Tadka,351,16,0.0435967302452316,0.0,0.8666666666666667,0.1111111111111111,0.6666666666666666,4.4
Sunnyvale,Sizzling Lunch,117,5,0.040983606557377,0.0,0.6,0.05405405405405406,0.5540540540540541,4.4
Sunnyvale,Egglicious India,123,9,0.0681818181818181,0.0,0.8571428571428571,0.015151515151515152,0.803030303030303,4.7
Sunnyvale,SV Cocina and Pupuseria,37,4,0.0975609756097561,0.0,1.0,0.047619047619047616,0.7619047619047619,4.5
Torrance,Tonys On the Pier,1312,85,0.0608446671438797,0.22093023255813954,0.3953488372093023,0.21066666666666667,0.3048888888888889,3.4
Torrance,BJs Restaurant & Brewhouse,1549,112,0.0674292594822396,0.17592592592592593,0.35185185185185186,0.3132102272727273,0.21448863636363635,2.8
Torrance,The San Franciscan,1215,72,0.0559440559440559,0.04,0.56,0.10231660231660232,0.4411196911196911,3.9
Torrance,Jus Poke,2181,147,0.0631443298969072,0.020833333333333332,0.7638888888888888,0.013407821229050279,0.729050279329609,4.6
Torrance,the Hook & Plow Hermosa,704,52,0.0687830687830687,0.057692307692307696,0.5576923076923077,0.05460750853242321,0.5409556313993175,4.1
Torrance,marsel,732,56,0.0710659898477157,0.09090909090909091,0.4909090909090909,0.08741258741258741,0.5506993006993007,4.1
Torrance,Darrows New Orleans Grill,1182,81,0.0641330166270783,0.023809523809523808,0.7380952380952381,0.056056056056056056,0.7057057057057057,4.4
Torrance,Sea Level Restaurant & Lounge,844,51,0.0569832402234636,0.07692307692307693,0.7115384615384616,0.06359300476947535,0.5914149443561209,4.2
Torrance,Mama Ds Hermosa Beach,402,52,0.1145374449339207,0.0,0.9423076923076923,0.03951367781155015,0.8389057750759878,4.6
Torrance,La Bella Napoli,413,22,0.0505747126436781,0.047619047619047616,0.7619047619047619,0.06626506024096386,0.6987951807228916,4.4
Torrance,Panelas Brazil Cuisine,394,23,0.0551558752997601,0.0,0.8260869565217391,0.03858520900321544,0.7491961414790996,4.5
Torrance,Kurisaki,218,7,0.0311111111111111,0.3333333333333333,0.6666666666666666,0.025974025974025976,0.7272727272727273,4.4
Torrance,The Rex Seaside Steakhouse,215,13,0.0570175438596491,0.15384615384615385,0.7692307692307693,0.16981132075471697,0.5723270440251572,3.9
Torrance,Babas Deli Subs,90,3,0.032258064516129,0.0,1.0,0.0,0.9056603773584906,4.9
Tucson,Blue Willow Restaurant & Gift Shop,774,42,0.0514705882352941,0.07692307692307693,0.41025641025641024,0.06382978723404255,0.42249240121580545,4.0
Tucson,Smokey Mo,617,34,0.0522273425499231,0.14285714285714285,0.7714285714285715,0.044989775051124746,0.7382413087934561,4.5
Tucson,Agustin Kitchen,611,37,0.0570987654320987,0.16666666666666666,0.5277777777777778,0.15543071161048688,0.3445692883895131,3.4
Tucson,5 Points Market & Restaurant,666,54,0.075,0.2037037037037037,0.6296296296296297,0.06177606177606178,0.5945945945945946,4.3
Tucson,Kingfisher Bar & Grill,601,35,0.0550314465408805,0.22857142857142856,0.34285714285714286,0.12237093690248566,0.4397705544933078,3.8
Tucson,47 Scott - Temp. CLOSED,460,40,0.08,0.05,0.55,0.03990610328638498,0.5258215962441315,4.1
Tucson,Vero Amore - Swan,534,53,0.090289608177172,0.20754716981132076,0.5471698113207547,0.08298755186721991,0.46887966804979253,3.9
Tucson,Ds Island Grill JA,281,17,0.0570469798657718,0.058823529411764705,0.8235294117647058,0.00881057268722467,0.6784140969162996,4.5
Tucson,Feast,532,54,0.0921501706484641,0.18518518518518517,0.4444444444444444,0.06995884773662552,0.5637860082304527,4.1
Tucson,BBQ Rush Restaurant,154,7,0.0434782608695652,0.42857142857142855,0.5714285714285714,0.08270676691729323,0.5338345864661654,3.9
Tucson,Zio Peppe,200,3,0.0147783251231527,0.0,1.0,0.08888888888888889,0.6074074074074074,4.1
Tucson,Caravan Grill,141,12,0.0784313725490196,0.08333333333333333,0.8333333333333334,0.05084745762711865,0.6949152542372882,4.4
Tucson,Raising Canes Chicken Fingers,54,6,0.1,0.14285714285714285,0.7142857142857143,0.1951219512195122,0.36585365853658536,3.3
Tucson,Two Hands Corn Dogs,65,1,0.0151515151515151,0.0,0.0,0.1794871794871795,0.2564102564102564,3.5
Tucson,La Yaquesita Mexican Cuisine,40,3,0.0697674418604651,0.0,0.0,0.034482758620689655,0.9310344827586207,4.8
Walnut Creek,Esin Restaurant & Bar,1259,143,0.1019971469329529,0.027586206896551724,0.6206896551724138,0.030685920577617327,0.5586642599277978,4.3
Walnut Creek,Jacks Restaurant & Bar,2106,190,0.0827526132404181,0.15343915343915343,0.49206349206349204,0.08731924360400445,0.41935483870967744,3.9
Walnut Creek,Ohgane,1592,220,0.1214128035320088,0.06451612903225806,0.8110599078341014,0.11026615969581749,0.5870722433460076,4.1
Walnut Creek,Rooftop,1677,120,0.0667779632721202,0.09322033898305085,0.559322033898305,0.11134903640256959,0.3561741613133476,3.6
Walnut Creek,San Francisco Creamery,1320,101,0.0710767065446868,0.1,0.58,0.06862745098039216,0.36452762923351156,3.9
Walnut Creek,Wild Ginger,645,17,0.0256797583081571,0.11764705882352941,0.7058823529411765,0.04329004329004329,0.6363636363636364,4.3
Walnut Creek,Sargam Indian Cuisine,683,79,0.1036745406824147,0.07692307692307693,0.7307692307692307,0.10869565217391304,0.5,3.9
Walnut Creek,Kinders Meats Deli BBQ,610,68,0.1002949852507374,0.14516129032258066,0.6451612903225806,0.1287313432835821,0.4533582089552239,3.8
Walnut Creek,Galpao Gaucho Brazilian Steakhouse,944,64,0.0634920634920634,0.03278688524590164,0.8032786885245902,0.02717391304347826,0.7445652173913043,4.6
Walnut Creek,Stix Eatery,459,17,0.0357142857142857,0.23529411764705882,0.5882352941176471,0.06306306306306306,0.5795795795795796,4.2
Walnut Creek,Peony Garden,398,28,0.0657276995305164,0.18518518518518517,0.7037037037037037,0.1345565749235474,0.47706422018348627,3.7
Walnut Creek,Oke Poke,424,25,0.0556792873051225,0.043478260869565216,0.7391304347826086,0.045871559633027525,0.6697247706422018,4.4
Walnut Creek,Bardo Lounge & Supper Club,222,10,0.043103448275862,0.0,1.0,0.047337278106508875,0.6331360946745562,4.3
Walnut Creek,Mamas Lumpia,155,15,0.088235294117647,0.26666666666666666,0.6,0.11403508771929824,0.47368421052631576,3.9
Walnut Creek,Lous Chicken Shop,66,1,0.0149253731343283,0.0,0.0,0.0,0.7659574468085106,4.6
"Washington, DC",Agora DC,1557,112,0.0671060515278609,0.1875,0.5267857142857143,0.06755753526354863,0.4491462509279881,4.0
"Washington, DC",Toki Underground,2514,140,0.0527505651846269,0.07092198581560284,0.5319148936170213,0.03720716582452917,0.4602664216812127,4.1
"Washington, DC",Keren Restaurant,1253,88,0.0656226696495152,0.0,0.6704545454545454,0.013282732447817837,0.7258064516129032,4.6
"Washington, DC",il Canale,4498,806,0.1519607843137254,0.024691358024691357,0.8395061728395061,0.03014380530973451,0.5923672566371682,4.3
"Washington, DC",Filomena Ristorante,3319,240,0.0674346726608598,0.14937759336099585,0.5394190871369294,0.04980434009249377,0.5716826752045535,4.2
"Washington, DC",Lavagna,755,56,0.0690505548705302,0.17857142857142858,0.6071428571428571,0.05611510791366906,0.4172661870503597,4.0
"Washington, DC",Lupo Verde,916,106,0.1037181996086105,0.11428571428571428,0.7904761904761904,0.10941475826972011,0.4402035623409669,3.8
"Washington, DC",Pearl Dive Oyster Palace,1029,58,0.0533578656853725,0.13559322033898305,0.3728813559322034,0.046052631578947366,0.47039473684210525,4.2
"Washington, DC",Rumis Kitchen,570,25,0.042016806722689,0.16,0.72,0.05675675675675676,0.7486486486486487,4.5
"Washington, DC",Mercy Me,356,20,0.0531914893617021,0.2727272727272727,0.45454545454545453,0.10861423220973783,0.4681647940074906,3.8
"Washington, DC",Little Cocos,302,15,0.0473186119873817,0.0,0.6,0.032388663967611336,0.5951417004048583,4.3
"Washington, DC",Off The Record,368,14,0.0366492146596858,0.35714285714285715,0.5714285714285714,0.05333333333333334,0.45,4.1
"Washington, DC",Duck Duck Goose,139,7,0.047945205479452,0.3333333333333333,0.3333333333333333,0.041237113402061855,0.4639175257731959,4.1
"Washington, DC",Prost,134,3,0.0218978102189781,0.0,0.3333333333333333,0.0380952380952381,0.5428571428571428,4.2
"Washington, DC",Busboys and Poets - Bookstore,8,4,0.3333333333333333,0.0,0.75,0.0,0.625,4.5
Torrance,CoCo Ichibanya,1635,106,0.060885,0.05,0.48,0.06720233747260775,0.40321402483564645,3.9
